title,year,status,award
Succession,2024,Winner,Best Television Series - Drama
Mission: Impossible - Dead Reckoning Part 1,2024,Nominee,Cinematic and Box Office Achievement
"Last of Us, The",2024,Nominee,Best Television Series - Drama
Taylor Swift: The Eras Tour,2024,Nominee,Cinematic and Box Office Achievement
John Wick: Chapter 4,2024,Nominee,Cinematic and Box Office Achievement
The Super Mario Bros. Movie,2024,Nominee,Cinematic and Box Office Achievement
Guardians of the Galaxy Vol. 3,2024,Nominee,Cinematic and Box Office Achievement
Spider-Man: Across the Spider-Verse,2024,Nominee,Cinematic and Box Office Achievement
Oppenheimer,2024,Nominee,Cinematic and Box Office Achievement
Barbie,2024,Winner,Cinematic and Box Office Achievement
"Crown, The",2024,Nominee,Best Television Series - Drama
Christopher Nolan,2024,Nominee,Best Screenplay - Motion Picture
Celine Song,2024,Nominee,Best Screenplay - Motion Picture
"Justine Triet, Arthur Harari",2024,Winner,Best Screenplay - Motion Picture
"Morning Show, The",2024,Nominee,Best Television Series - Drama
"Eric Roth, Martin Scorsese",2024,Nominee,Best Screenplay - Motion Picture
Tony McNamara,2024,Nominee,Best Screenplay - Motion Picture
"Greta Gerwig, Noah Baumbach",2024,Nominee,Best Screenplay - Motion Picture
Celine Song,2024,Nominee,Best Director - Motion Picture
Bradley Cooper,2024,Nominee,Best Director - Motion Picture
"Crown, The",2024,Nominee,Best Television Series - Drama
Christopher Nolan,2024,Nominee,Best Screenplay - Motion Picture
Celine Song,2024,Nominee,Best Screenplay - Motion Picture
"Justine Triet, Arthur Harari",2024,Winner,Best Screenplay - Motion Picture
"Morning Show, The",2024,Nominee,Best Television Series - Drama
"Eric Roth, Martin Scorsese",2024,Nominee,Best Screenplay - Motion Picture
Tony McNamara,2024,Nominee,Best Screenplay - Motion Picture
"Greta Gerwig, Noah Baumbach",2024,Nominee,Best Screenplay - Motion Picture
Celine Song,2024,Nominee,Best Director - Motion Picture
Bradley Cooper,2024,Nominee,Best Director - Motion Picture
"Crown, The",2024,Nominee,Best Television Series - Drama
Christopher Nolan,2024,Nominee,Best Screenplay - Motion Picture
Celine Song,2024,Nominee,Best Screenplay - Motion Picture
"Justine Triet, Arthur Harari",2024,Winner,Best Screenplay - Motion Picture
"Morning Show, The",2024,Nominee,Best Television Series - Drama
"Eric Roth, Martin Scorsese",2024,Nominee,Best Screenplay - Motion Picture
Tony McNamara,2024,Nominee,Best Screenplay - Motion Picture
"Greta Gerwig, Noah Baumbach",2024,Nominee,Best Screenplay - Motion Picture
Celine Song,2024,Nominee,Best Director - Motion Picture
Bradley Cooper,2024,Nominee,Best Director - Motion Picture
"Crown, The",2024,Nominee,Best Television Series - Drama
Christopher Nolan,2024,Nominee,Best Screenplay - Motion Picture
Celine Song,2024,Nominee,Best Screenplay - Motion Picture
"Justine Triet, Arthur Harari",2024,Winner,Best Screenplay - Motion Picture
"Morning Show, The",2024,Nominee,Best Television Series - Drama
"Eric Roth, Martin Scorsese",2024,Nominee,Best Screenplay - Motion Picture
Tony McNamara,2024,Nominee,Best Screenplay - Motion Picture
"Greta Gerwig, Noah Baumbach",2024,Nominee,Best Screenplay - Motion Picture
Celine Song,2024,Nominee,Best Director - Motion Picture
Bradley Cooper,2024,Nominee,Best Director - Motion Picture
"Crown, The",2024,Nominee,Best Television Series - Drama
Christopher Nolan,2024,Nominee,Best Screenplay - Motion Picture
Celine Song,2024,Nominee,Best Screenplay - Motion Picture
"Justine Triet, Arthur Harari",2024,Winner,Best Screenplay - Motion Picture
"Morning Show, The",2024,Nominee,Best Television Series - Drama
"Eric Roth, Martin Scorsese",2024,Nominee,Best Screenplay - Motion Picture
Tony McNamara,2024,Nominee,Best Screenplay - Motion Picture
"Greta Gerwig, Noah Baumbach",2024,Nominee,Best Screenplay - Motion Picture
Celine Song,2024,Nominee,Best Director - Motion Picture
Bradley Cooper,2024,Nominee,Best Director - Motion Picture
Imelda Staunton,2024,Nominee,Best Performance by a Female Actor in a Television Series – Drama
The Super Mario Bros. Movie,2024,Nominee,Best Motion Picture - Animated
Spider-Man: Across the Spider-Verse,2024,Nominee,Best Motion Picture - Animated
Elemental,2024,Nominee,Best Motion Picture - Animated
"Boy and the Heron, The",2024,Winner,Best Motion Picture - Animated
Jeffrey Wright,2024,Nominee,Best Performance by a Male Actor in a Motion Picture – Musical or Comedy
Joaquin Phoenix,2024,Nominee,Best Performance by a Male Actor in a Motion Picture – Musical or Comedy
Paul Giamatti,2024,Winner,Best Performance by a Male Actor in a Motion Picture – Musical or Comedy
Matt Damon,2024,Nominee,Best Performance by a Male Actor in a Motion Picture – Musical or Comedy
Timothée Chalamet,2024,Nominee,Best Performance by a Male Actor in a Motion Picture – Musical or Comedy
Nicolas Cage,2024,Nominee,Best Performance by a Male Actor in a Motion Picture – Musical or Comedy
Emma Stone,2024,Nominee,Best Performance by a Female Actor in a Television Series – Drama
Emma Stone,2024,Winner,Best Performance by a Female Actor in a Motion Picture – Musical or Comedy
Margot Robbie,2024,Nominee,Best Performance by a Female Actor in a Motion Picture – Musical or Comedy
Brian Cox,2024,Nominee,Best Performance by a Male Actor in a Television Series – Drama
Alma Pöysti,2024,Nominee,Best Performance by a Female Actor in a Motion Picture – Musical or Comedy
Kieran Culkin,2024,Winner,Best Performance by a Male Actor in a Television Series – Drama
Natalie Portman,2024,Nominee,Best Performance by a Female Actor in a Motion Picture – Musical or Comedy
Jennifer Lawrence,2024,Nominee,Best Performance by a Female Actor in a Motion Picture – Musical or Comedy
Gary Oldman,2024,Nominee,Best Performance by a Male Actor in a Television Series – Drama
Fantasia Barrino,2024,Nominee,Best Performance by a Female Actor in a Motion Picture – Musical or Comedy
Pedro Pascal,2024,Nominee,Best Performance by a Male Actor in a Television Series – Drama
Poor Things,2024,Winner,Best Motion Picture - Musical or Comedy
Jeremy Strong,2024,Nominee,Best Performance by a Male Actor in a Television Series – Drama
May December,2024,Nominee,Best Motion Picture - Musical or Comedy
"Holdovers, The",2024,Nominee,Best Motion Picture - Musical or Comedy
Barbie,2024,Nominee,Best Motion Picture - Musical or Comedy
Dominic West,2024,Nominee,Best Performance by a Male Actor in a Television Series – Drama
Abbott Elementary,2024,Nominee,Best Television Series - Musical or Comedy
American Fiction,2024,Nominee,Best Motion Picture - Musical or Comedy
Fantasia Barrino,2024,Nominee,Best Performance by a Female Actor in a Motion Picture – Musical or Comedy
Pedro Pascal,2024,Nominee,Best Performance by a Male Actor in a Television Series – Drama
Poor Things,2024,Winner,Best Motion Picture - Musical or Comedy
Jeremy Strong,2024,Nominee,Best Performance by a Male Actor in a Television Series – Drama
May December,2024,Nominee,Best Motion Picture - Musical or Comedy
"Holdovers, The",2024,Nominee,Best Motion Picture - Musical or Comedy
Barbie,2024,Nominee,Best Motion Picture - Musical or Comedy
Dominic West,2024,Nominee,Best Performance by a Male Actor in a Television Series – Drama
Abbott Elementary,2024,Nominee,Best Television Series - Musical or Comedy
American Fiction,2024,Nominee,Best Motion Picture - Musical or Comedy
Rachel Brosnahan,2024,Nominee,Best Performance by a Female Actor in a Television Series – Musical or Comedy
Leonardo DiCaprio,2024,Nominee,Best Performance by a Male Actor in a Motion Picture – Drama
Quinta Brunson,2024,Nominee,Best Performance by a Female Actor in a Television Series – Musical or Comedy
Ayo Edebiri,2024,Winner,Best Performance by a Female Actor in a Television Series – Musical or Comedy
Bradley Cooper,2024,Nominee,Best Performance by a Male Actor in a Motion Picture – Drama
Cailee Spaeny,2024,Nominee,Best Performance by a Female Actor in a Motion Picture – Drama
Elle Fanning,2024,Nominee,Best Performance by a Female Actor in a Television Series – Musical or Comedy
Selena Gomez,2024,Nominee,Best Performance by a Female Actor in a Television Series – Musical or Comedy
Carey Mulligan,2024,Nominee,Best Performance by a Female Actor in a Motion Picture – Drama
Greta Lee,2024,Nominee,Best Performance by a Female Actor in a Motion Picture – Drama
Natasha Lyonne,2024,Nominee,Best Performance by a Female Actor in a Television Series – Musical or Comedy
Sandra Hüller,2024,Nominee,Best Performance by a Female Actor in a Motion Picture – Drama
Bill Hader,2024,Nominee,Best Performance by a Male Actor in a Television Series – Musical or Comedy
Lily Gladstone,2024,Winner,Best Performance by a Female Actor in a Motion Picture – Drama
Annette Bening,2024,Nominee,Best Performance by a Female Actor in a Motion Picture – Drama
Steve Martin,2024,Nominee,Best Performance by a Male Actor in a Television Series – Musical or Comedy
What Was I Made For?,2024,Winner,Best Original Song - Motion Picture
Jason Segel,2024,Nominee,Best Performance by a Male Actor in a Television Series – Musical or Comedy
Road to Freedom,2024,Nominee,Best Original Song - Motion Picture
Martin Short,2024,Nominee,Best Performance by a Male Actor in a Television Series – Musical or Comedy
Jason Sudeikis,2024,Nominee,Best Performance by a Male Actor in a Television Series – Musical or Comedy
Peaches,2024,Nominee,Best Original Song - Motion Picture
Jeremy Allen White,2024,Winner,Best Performance by a Male Actor in a Television Series – Musical or Comedy
All the Light We Cannot See,2024,Nominee,"Best Television Limited Series, Anthology Series, or Motion Picture Made for Television"
Beef,2024,Winner,"Best Television Limited Series, Anthology Series, or Motion Picture Made for Television"
Daisy Jones and the Six,2024,Nominee,"Best Television Limited Series, Anthology Series, or Motion Picture Made for Television"
Fargo,2024,Nominee,"Best Television Limited Series, Anthology Series, or Motion Picture Made for Television"
Fellow Travelers,2024,Nominee,"Best Television Limited Series, Anthology Series, or Motion Picture Made for Television"
I’m Just Ken,2024,Nominee,Best Original Song - Motion Picture
Lessons in Chemistry,2024,Nominee,"Best Television Limited Series, Anthology Series, or Motion Picture Made for Television"
Riley Keough,2024,Nominee,"Best Performance by a Female Actor in a Limited Series, Anthology Series, or a Motion Picture Made for Television"
Brie Larson,2024,Nominee,"Best Performance by a Female Actor in a Limited Series, Anthology Series, or a Motion Picture Made for Television"
Elizabeth Olsen,2024,Nominee,"Best Performance by a Female Actor in a Limited Series, Anthology Series, or a Motion Picture Made for Television"
Dance the Night,2024,Nominee,Best Original Song - Motion Picture
Juno Temple,2024,Nominee,"Best Performance by a Female Actor in a Limited Series, Anthology Series, or a Motion Picture Made for Television"
Addicted to Romance,2024,Nominee,Best Original Song - Motion Picture
Robbie Robertson,2024,Nominee,Best Original Score - Motion Picture
Rachel Weisz,2024,Nominee,"Best Performance by a Female Actor in a Limited Series, Anthology Series, or a Motion Picture Made for Television"
Daniel Pemberton,2024,Nominee,Best Original Score - Motion Picture
Mica Levi,2024,Nominee,Best Original Score - Motion Picture
Riley Keough,2024,Nominee,"Best Performance by a Female Actor in a Limited Series, Anthology Series, or a Motion Picture Made for Television"
Brie Larson,2024,Nominee,"Best Performance by a Female Actor in a Limited Series, Anthology Series, or a Motion Picture Made for Television"
Elizabeth Olsen,2024,Nominee,"Best Performance by a Female Actor in a Limited Series, Anthology Series, or a Motion Picture Made for Television"
Dance the Night,2024,Nominee,Best Original Song - Motion Picture
Juno Temple,2024,Nominee,"Best Performance by a Female Actor in a Limited Series, Anthology Series, or a Motion Picture Made for Television"
Addicted to Romance,2024,Nominee,Best Original Song - Motion Picture
Robbie Robertson,2024,Nominee,Best Original Score - Motion Picture
Rachel Weisz,2024,Nominee,"Best Performance by a Female Actor in a Limited Series, Anthology Series, or a Motion Picture Made for Television"
Daniel Pemberton,2024,Nominee,Best Original Score - Motion Picture
Mica Levi,2024,Nominee,Best Original Score - Motion Picture
Maestro,2024,Nominee,Best Motion Picture - Drama
Killers of the Flower Moon,2024,Nominee,Best Motion Picture - Drama
Anatomy of a Fall,2024,Nominee,Best Motion Picture - Drama
Woody Harrelson,2024,Nominee,"Best Performance by a Male Actor in a Limited Series, Anthology Series, or a Motion Picture Made for Television"
Wanda Sykes: I’m an Entertainer,2024,Nominee,Best Performance in Stand-Up Comedy on Television
Sarah Silverman: Someone You Love,2024,Nominee,Best Performance in Stand-Up Comedy on Television
Amy Schumer: Emergency Contact,2024,Nominee,Best Performance in Stand-Up Comedy on Television
David Oyelowo,2024,Nominee,"Best Performance by a Male Actor in a Limited Series, Anthology Series, or a Motion Picture Made for Television"
Steven Yeun,2024,Winner,"Best Performance by a Male Actor in a Limited Series, Anthology Series, or a Motion Picture Made for Television"
Chris Rock: Selective Outrage,2024,Nominee,Best Performance in Stand-Up Comedy on Television
Maestro,2024,Nominee,Best Motion Picture - Drama
Killers of the Flower Moon,2024,Nominee,Best Motion Picture - Drama
Anatomy of a Fall,2024,Nominee,Best Motion Picture - Drama
Woody Harrelson,2024,Nominee,"Best Performance by a Male Actor in a Limited Series, Anthology Series, or a Motion Picture Made for Television"
Wanda Sykes: I’m an Entertainer,2024,Nominee,Best Performance in Stand-Up Comedy on Television
Sarah Silverman: Someone You Love,2024,Nominee,Best Performance in Stand-Up Comedy on Television
Amy Schumer: Emergency Contact,2024,Nominee,Best Performance in Stand-Up Comedy on Television
David Oyelowo,2024,Nominee,"Best Performance by a Male Actor in a Limited Series, Anthology Series, or a Motion Picture Made for Television"
Steven Yeun,2024,Winner,"Best Performance by a Male Actor in a Limited Series, Anthology Series, or a Motion Picture Made for Television"
Chris Rock: Selective Outrage,2024,Nominee,Best Performance in Stand-Up Comedy on Television
Trevor Noah: Where Was I,2024,Nominee,Best Performance in Stand-Up Comedy on Television
Elizabeth Debicki,2024,Winner,Best Performance by a Female Actor in a Supporting Role on Television
Ricky Gervais: Armageddon,2024,Winner,Best Performance in Stand-Up Comedy on Television
Abby Elliott,2024,Nominee,Best Performance by a Female Actor in a Supporting Role on Television
Alexander Skarsgård,2024,Nominee,Best Performance by a Male Actor in a Supporting Role on Television
Christina Ricci,2024,Nominee,Best Performance by a Female Actor in a Supporting Role on Television
Alan Ruck,2024,Nominee,Best Performance by a Male Actor in a Supporting Role on Television
J. Smith-Cameron,2024,Nominee,Best Performance by a Female Actor in a Supporting Role on Television
Ebon Moss–Bachrach,2024,Nominee,Best Performance by a Male Actor in a Supporting Role on Television
Meryl Streep,2024,Nominee,Best Performance by a Female Actor in a Supporting Role on Television
James Marsden,2024,Nominee,Best Performance by a Male Actor in a Supporting Role on Television
Matthew Macfadyen,2024,Winner,Best Performance by a Male Actor in a Supporting Role on Television
Hannah Waddingham,2024,Nominee,Best Performance by a Female Actor in a Supporting Role on Television
Billy Crudup,2024,Nominee,Best Performance by a Male Actor in a Supporting Role on Television
Avatar: The Way of Water,2023,Nominee,Best Motion Picture - Drama
Elvis,2023,Nominee,Best Motion Picture - Drama
"Fabelmans, The",2023,Winner,Best Motion Picture - Drama
TÁR,2023,Nominee,Best Motion Picture - Drama
Top Gun: Maverick,2023,Nominee,Best Motion Picture - Drama
Cate Blanchett,2023,Winner,Best Performance by an Actress in a Motion Picture - Drama
"Banshees of Inisherin, The",2023,Winner,Best Motion Picture - Musical or Comedy
Everything Everywhere All at Once,2023,Nominee,Best Motion Picture - Musical or Comedy
Glass Onion: A Knives Out Mystery,2023,Nominee,Best Motion Picture - Musical or Comedy
Triangle of Sadness,2023,Nominee,Best Motion Picture - Musical or Comedy
Lesley Manville,2023,Nominee,Best Performance by an Actress in a Motion Picture - Musical or Comedy
Margot Robbie,2023,Nominee,Best Performance by an Actress in a Motion Picture - Musical or Comedy
Anya Taylor-Joy,2023,Nominee,Best Performance by an Actress in a Motion Picture - Musical or Comedy
Emma Thompson,2023,Nominee,Best Performance by an Actress in a Motion Picture - Musical or Comedy
Michelle Yeoh,2023,Winner,Best Performance by an Actress in a Motion Picture - Musical or Comedy
Diego Calva,2023,Nominee,Best Performance by an Actor in a Motion Picture - Musical or Comedy
"Banshees of Inisherin, The",2023,Winner,Best Motion Picture - Musical or Comedy
Everything Everywhere All at Once,2023,Nominee,Best Motion Picture - Musical or Comedy
Glass Onion: A Knives Out Mystery,2023,Nominee,Best Motion Picture - Musical or Comedy
Triangle of Sadness,2023,Nominee,Best Motion Picture - Musical or Comedy
Lesley Manville,2023,Nominee,Best Performance by an Actress in a Motion Picture - Musical or Comedy
Margot Robbie,2023,Nominee,Best Performance by an Actress in a Motion Picture - Musical or Comedy
Anya Taylor-Joy,2023,Nominee,Best Performance by an Actress in a Motion Picture - Musical or Comedy
Emma Thompson,2023,Nominee,Best Performance by an Actress in a Motion Picture - Musical or Comedy
Michelle Yeoh,2023,Winner,Best Performance by an Actress in a Motion Picture - Musical or Comedy
Diego Calva,2023,Nominee,Best Performance by an Actor in a Motion Picture - Musical or Comedy
Daniel Craig,2023,Nominee,Best Performance by an Actor in a Motion Picture - Musical or Comedy
Adam Driver,2023,Nominee,Best Performance by an Actor in a Motion Picture - Musical or Comedy
Colin Farrell,2023,Winner,Best Performance by an Actor in a Motion Picture - Musical or Comedy
Ralph Fiennes,2023,Nominee,Best Performance by an Actor in a Motion Picture - Musical or Comedy
Guillermo del Toro's Pinocchio,2023,Winner,Best Motion Picture - Animated
Inu-Oh,2023,Nominee,Best Motion Picture - Animated
Marcel the Shell with Shoes On,2023,Nominee,Best Motion Picture - Animated
Puss in Boots: The Last Wish,2023,Nominee,Best Motion Picture - Animated
Turning Red,2023,Nominee,Best Motion Picture - Animated
All Quiet on the Western Front,2023,Nominee,Best Motion Picture – Non-English Language
Daniel Craig,2023,Nominee,Best Performance by an Actor in a Motion Picture - Musical or Comedy
Adam Driver,2023,Nominee,Best Performance by an Actor in a Motion Picture - Musical or Comedy
Colin Farrell,2023,Winner,Best Performance by an Actor in a Motion Picture - Musical or Comedy
Ralph Fiennes,2023,Nominee,Best Performance by an Actor in a Motion Picture - Musical or Comedy
Guillermo del Toro's Pinocchio,2023,Winner,Best Motion Picture - Animated
Inu-Oh,2023,Nominee,Best Motion Picture - Animated
Marcel the Shell with Shoes On,2023,Nominee,Best Motion Picture - Animated
Puss in Boots: The Last Wish,2023,Nominee,Best Motion Picture - Animated
Turning Red,2023,Nominee,Best Motion Picture - Animated
All Quiet on the Western Front,2023,Nominee,Best Motion Picture – Non-English Language
"Daniel Kwan, Daniel Scheinert",2023,Nominee,Best Screenplay - Motion Picture
Martin McDonagh,2023,Winner,Best Screenplay - Motion Picture
Sarah Polley,2023,Nominee,Best Screenplay - Motion Picture
"Steven Spielberg, Tony Kushner",2023,Nominee,Best Screenplay - Motion Picture
Carter Burwell,2023,Nominee,Best Original Score - Motion Picture
Alexandre Desplat,2023,Nominee,Best Original Score - Motion Picture
Hildur Guðnadóttir,2023,Nominee,Best Original Score - Motion Picture
Justin Hurwitz,2023,Winner,Best Original Score - Motion Picture
John Williams,2023,Nominee,Best Original Score - Motion Picture
Carolina,2023,Nominee,Best Original Song - Motion Picture
"Daniel Kwan, Daniel Scheinert",2023,Nominee,Best Screenplay - Motion Picture
Martin McDonagh,2023,Winner,Best Screenplay - Motion Picture
Sarah Polley,2023,Nominee,Best Screenplay - Motion Picture
"Steven Spielberg, Tony Kushner",2023,Nominee,Best Screenplay - Motion Picture
Carter Burwell,2023,Nominee,Best Original Score - Motion Picture
Alexandre Desplat,2023,Nominee,Best Original Score - Motion Picture
Hildur Guðnadóttir,2023,Nominee,Best Original Score - Motion Picture
Justin Hurwitz,2023,Winner,Best Original Score - Motion Picture
John Williams,2023,Nominee,Best Original Score - Motion Picture
Carolina,2023,Nominee,Best Original Song - Motion Picture
Laura Linney,2023,Nominee,Best Performance by an Actress In A Television Series - Drama
Imelda Staunton,2023,Nominee,Best Performance by an Actress In A Television Series - Drama
Hilary Swank,2023,Nominee,Best Performance by an Actress In A Television Series - Drama
Zendaya,2023,Winner,Best Performance by an Actress In A Television Series - Drama
Jeff Bridges,2023,Nominee,Best Performance by an Actor In A Television Series - Drama
Kevin Costner,2023,Winner,Best Performance by an Actor In A Television Series - Drama
Diego Luna,2023,Nominee,Best Performance by an Actor In A Television Series - Drama
Bob Odenkirk,2023,Nominee,Best Performance by an Actor In A Television Series - Drama
Adam Scott,2023,Nominee,Best Performance by an Actor In A Television Series - Drama
Abbott Elementary,2023,Winner,Best Television Series - Musical or Comedy
Laura Linney,2023,Nominee,Best Performance by an Actress In A Television Series - Drama
Imelda Staunton,2023,Nominee,Best Performance by an Actress In A Television Series - Drama
Hilary Swank,2023,Nominee,Best Performance by an Actress In A Television Series - Drama
Zendaya,2023,Winner,Best Performance by an Actress In A Television Series - Drama
Jeff Bridges,2023,Nominee,Best Performance by an Actor In A Television Series - Drama
Kevin Costner,2023,Winner,Best Performance by an Actor In A Television Series - Drama
Diego Luna,2023,Nominee,Best Performance by an Actor In A Television Series - Drama
Bob Odenkirk,2023,Nominee,Best Performance by an Actor In A Television Series - Drama
Adam Scott,2023,Nominee,Best Performance by an Actor In A Television Series - Drama
Abbott Elementary,2023,Winner,Best Television Series - Musical or Comedy
"Bear, The",2023,Nominee,Best Television Series - Musical or Comedy
Hacks,2023,Nominee,Best Television Series - Musical or Comedy
Only Murders in the Building,2023,Nominee,Best Television Series - Musical or Comedy
Wednesday,2023,Nominee,Best Television Series - Musical or Comedy
Quinta Brunson,2023,Winner,Best Performance by an Actress in a Television Series - Musical or Comedy
Kaley Cuoco,2023,Nominee,Best Performance by an Actress in a Television Series - Musical or Comedy
Selena Gomez,2023,Nominee,Best Performance by an Actress in a Television Series - Musical or Comedy
Jenna Ortega,2023,Nominee,Best Performance by an Actress in a Television Series - Musical or Comedy
Jean Smart,2023,Nominee,Best Performance by an Actress in a Television Series - Musical or Comedy
Donald Glover,2023,Nominee,Best Performance by an Actor in a Television Series - Musical or Comedy
Bill Hader,2023,Nominee,Best Performance by an Actor in a Television Series - Musical or Comedy
Steve Martin,2023,Nominee,Best Performance by an Actor in a Television Series - Musical or Comedy
Martin Short,2023,Nominee,Best Performance by an Actor in a Television Series - Musical or Comedy
Jeremy Allen White,2023,Winner,Best Performance by an Actor in a Television Series - Musical or Comedy
Black Bird,2023,Nominee,"Best Television Limited Series, Anthology Series, or Motion Picture Made for Television"
Dahmer - Monster: The Jeffrey Dahmer Story,2023,Nominee,"Best Television Limited Series, Anthology Series, or Motion Picture Made for Television"
"Dropout, The",2023,Nominee,"Best Television Limited Series, Anthology Series, or Motion Picture Made for Television"
Pam & Tommy,2023,Nominee,"Best Television Limited Series, Anthology Series, or Motion Picture Made for Television"
"White Lotus, The",2023,Winner,"Best Television Limited Series, Anthology Series, or Motion Picture Made for Television"
Jessica Chastain,2023,Nominee,"Best Performance by an Actress in a Limited Series, Anthology Series, or a Motion Picture Made for Television"
Claire Danes,2023,Nominee,"Best Performance by an Actress in a Supporting Role in a Limited Series, Anthology Series or Motion Picture Made for Television"
Daisy Edgar-Jones,2023,Nominee,"Best Performance by an Actress in a Supporting Role in a Limited Series, Anthology Series or Motion Picture Made for Television"
Niecy Nash-Betts,2023,Nominee,"Best Performance by an Actress in a Supporting Role in a Limited Series, Anthology Series or Motion Picture Made for Television"
Aubrey Plaza,2023,Nominee,"Best Performance by an Actress in a Supporting Role in a Limited Series, Anthology Series or Motion Picture Made for Television"
F. Murray Abraham,2023,Nominee,"Best Performance by an Actor in a Supporting Role in a Limited Series, Anthology Series or Motion Picture Made for Television"
Domhnall Gleeson,2023,Nominee,"Best Performance by an Actor in a Supporting Role in a Limited Series, Anthology Series or Motion Picture Made for Television"
Paul Hauser,2023,Winner,"Best Performance by an Actor in a Supporting Role in a Limited Series, Anthology Series or Motion Picture Made for Television"
Richard Jenkins,2023,Nominee,"Best Performance by an Actor in a Supporting Role in a Limited Series, Anthology Series or Motion Picture Made for Television"
Seth Rogen,2023,Nominee,"Best Performance by an Actor in a Supporting Role in a Limited Series, Anthology Series or Motion Picture Made for Television"
Elizabeth Debicki,2023,Nominee,Best Performance by an Actress in a Supporting Role in a Musical-Comedy or Drama Television Series
Claire Danes,2023,Nominee,"Best Performance by an Actress in a Supporting Role in a Limited Series, Anthology Series or Motion Picture Made for Television"
Daisy Edgar-Jones,2023,Nominee,"Best Performance by an Actress in a Supporting Role in a Limited Series, Anthology Series or Motion Picture Made for Television"
Niecy Nash-Betts,2023,Nominee,"Best Performance by an Actress in a Supporting Role in a Limited Series, Anthology Series or Motion Picture Made for Television"
Aubrey Plaza,2023,Nominee,"Best Performance by an Actress in a Supporting Role in a Limited Series, Anthology Series or Motion Picture Made for Television"
F. Murray Abraham,2023,Nominee,"Best Performance by an Actor in a Supporting Role in a Limited Series, Anthology Series or Motion Picture Made for Television"
Domhnall Gleeson,2023,Nominee,"Best Performance by an Actor in a Supporting Role in a Limited Series, Anthology Series or Motion Picture Made for Television"
Paul Hauser,2023,Winner,"Best Performance by an Actor in a Supporting Role in a Limited Series, Anthology Series or Motion Picture Made for Television"
Richard Jenkins,2023,Nominee,"Best Performance by an Actor in a Supporting Role in a Limited Series, Anthology Series or Motion Picture Made for Television"
Seth Rogen,2023,Nominee,"Best Performance by an Actor in a Supporting Role in a Limited Series, Anthology Series or Motion Picture Made for Television"
Elizabeth Debicki,2023,Nominee,Best Performance by an Actress in a Supporting Role in a Musical-Comedy or Drama Television Series
Claire Danes,2023,Nominee,"Best Performance by an Actress in a Supporting Role in a Limited Series, Anthology Series or Motion Picture Made for Television"
Daisy Edgar-Jones,2023,Nominee,"Best Performance by an Actress in a Supporting Role in a Limited Series, Anthology Series or Motion Picture Made for Television"
Niecy Nash-Betts,2023,Nominee,"Best Performance by an Actress in a Supporting Role in a Limited Series, Anthology Series or Motion Picture Made for Television"
Aubrey Plaza,2023,Nominee,"Best Performance by an Actress in a Supporting Role in a Limited Series, Anthology Series or Motion Picture Made for Television"
F. Murray Abraham,2023,Nominee,"Best Performance by an Actor in a Supporting Role in a Limited Series, Anthology Series or Motion Picture Made for Television"
Domhnall Gleeson,2023,Nominee,"Best Performance by an Actor in a Supporting Role in a Limited Series, Anthology Series or Motion Picture Made for Television"
Paul Hauser,2023,Winner,"Best Performance by an Actor in a Supporting Role in a Limited Series, Anthology Series or Motion Picture Made for Television"
Richard Jenkins,2023,Nominee,"Best Performance by an Actor in a Supporting Role in a Limited Series, Anthology Series or Motion Picture Made for Television"
Seth Rogen,2023,Nominee,"Best Performance by an Actor in a Supporting Role in a Limited Series, Anthology Series or Motion Picture Made for Television"
Elizabeth Debicki,2023,Nominee,Best Performance by an Actress in a Supporting Role in a Musical-Comedy or Drama Television Series
Javier Bardem,2022,Nominee,Best Performance by an Actor in a Motion Picture - Drama
Benedict Cumberbatch,2022,Nominee,Best Performance by an Actor in a Motion Picture - Drama
Will Smith,2022,Winner,Best Performance by an Actor in a Motion Picture - Drama
Denzel Washington,2022,Nominee,Best Performance by an Actor in a Motion Picture - Drama
Cyrano,2022,Nominee,Best Motion Picture - Musical or Comedy
Don't Look Up,2022,Nominee,Best Motion Picture - Musical or Comedy
Licorice Pizza,2022,Nominee,Best Motion Picture - Musical or Comedy
"tick, tick...BOOM!",2022,Nominee,Best Motion Picture - Musical or Comedy
West Side Story (2021),2022,Winner,Best Motion Picture - Musical or Comedy
Marion Cotillard,2022,Nominee,Best Performance by an Actress in a Motion Picture - Musical or Comedy
Javier Bardem,2022,Nominee,Best Performance by an Actor in a Motion Picture - Drama
Benedict Cumberbatch,2022,Nominee,Best Performance by an Actor in a Motion Picture - Drama
Will Smith,2022,Winner,Best Performance by an Actor in a Motion Picture - Drama
Denzel Washington,2022,Nominee,Best Performance by an Actor in a Motion Picture - Drama
Cyrano,2022,Nominee,Best Motion Picture - Musical or Comedy
Don't Look Up,2022,Nominee,Best Motion Picture - Musical or Comedy
Licorice Pizza,2022,Nominee,Best Motion Picture - Musical or Comedy
"tick, tick...BOOM!",2022,Nominee,Best Motion Picture - Musical or Comedy
West Side Story (2021),2022,Winner,Best Motion Picture - Musical or Comedy
Marion Cotillard,2022,Nominee,Best Performance by an Actress in a Motion Picture - Musical or Comedy
Javier Bardem,2022,Nominee,Best Performance by an Actor in a Motion Picture - Drama
Benedict Cumberbatch,2022,Nominee,Best Performance by an Actor in a Motion Picture - Drama
Will Smith,2022,Winner,Best Performance by an Actor in a Motion Picture - Drama
Denzel Washington,2022,Nominee,Best Performance by an Actor in a Motion Picture - Drama
Cyrano,2022,Nominee,Best Motion Picture - Musical or Comedy
Don't Look Up,2022,Nominee,Best Motion Picture - Musical or Comedy
Licorice Pizza,2022,Nominee,Best Motion Picture - Musical or Comedy
"tick, tick...BOOM!",2022,Nominee,Best Motion Picture - Musical or Comedy
West Side Story (2021),2022,Winner,Best Motion Picture - Musical or Comedy
Marion Cotillard,2022,Nominee,Best Performance by an Actress in a Motion Picture - Musical or Comedy
Ariana DeBose,2022,Winner,Best Performance by an Actress in a Supporting Role in any Motion Picture
Kirsten Dunst,2022,Nominee,Best Performance by an Actress in a Supporting Role in any Motion Picture
Aunjanue Ellis,2022,Nominee,Best Performance by an Actress in a Supporting Role in any Motion Picture
Ruth Negga,2022,Nominee,Best Performance by an Actress in a Supporting Role in any Motion Picture
Ben Affleck,2022,Nominee,Best Performance by an Actor in a Supporting Role in any Motion Picture
Jamie Dornan,2022,Nominee,Best Performance by an Actor in a Supporting Role in any Motion Picture
Ciarán Hinds,2022,Nominee,Best Performance by an Actor in a Supporting Role in any Motion Picture
Troy Kotsur,2022,Nominee,Best Performance by an Actor in a Supporting Role in any Motion Picture
Kodi Smit-McPhee,2022,Winner,Best Performance by an Actor in a Supporting Role in any Motion Picture
Kenneth Branagh,2022,Nominee,Best Director - Motion Picture
Ariana DeBose,2022,Winner,Best Performance by an Actress in a Supporting Role in any Motion Picture
Kirsten Dunst,2022,Nominee,Best Performance by an Actress in a Supporting Role in any Motion Picture
Aunjanue Ellis,2022,Nominee,Best Performance by an Actress in a Supporting Role in any Motion Picture
Ruth Negga,2022,Nominee,Best Performance by an Actress in a Supporting Role in any Motion Picture
Ben Affleck,2022,Nominee,Best Performance by an Actor in a Supporting Role in any Motion Picture
Jamie Dornan,2022,Nominee,Best Performance by an Actor in a Supporting Role in any Motion Picture
Ciarán Hinds,2022,Nominee,Best Performance by an Actor in a Supporting Role in any Motion Picture
Troy Kotsur,2022,Nominee,Best Performance by an Actor in a Supporting Role in any Motion Picture
Kodi Smit-McPhee,2022,Winner,Best Performance by an Actor in a Supporting Role in any Motion Picture
Kenneth Branagh,2022,Nominee,Best Director - Motion Picture
Ariana DeBose,2022,Winner,Best Performance by an Actress in a Supporting Role in any Motion Picture
Kirsten Dunst,2022,Nominee,Best Performance by an Actress in a Supporting Role in any Motion Picture
Aunjanue Ellis,2022,Nominee,Best Performance by an Actress in a Supporting Role in any Motion Picture
Ruth Negga,2022,Nominee,Best Performance by an Actress in a Supporting Role in any Motion Picture
Ben Affleck,2022,Nominee,Best Performance by an Actor in a Supporting Role in any Motion Picture
Jamie Dornan,2022,Nominee,Best Performance by an Actor in a Supporting Role in any Motion Picture
Ciarán Hinds,2022,Nominee,Best Performance by an Actor in a Supporting Role in any Motion Picture
Troy Kotsur,2022,Nominee,Best Performance by an Actor in a Supporting Role in any Motion Picture
Kodi Smit-McPhee,2022,Winner,Best Performance by an Actor in a Supporting Role in any Motion Picture
Kenneth Branagh,2022,Nominee,Best Director - Motion Picture
Ariana DeBose,2022,Winner,Best Performance by an Actress in a Supporting Role in any Motion Picture
Kirsten Dunst,2022,Nominee,Best Performance by an Actress in a Supporting Role in any Motion Picture
Aunjanue Ellis,2022,Nominee,Best Performance by an Actress in a Supporting Role in any Motion Picture
Ruth Negga,2022,Nominee,Best Performance by an Actress in a Supporting Role in any Motion Picture
Ben Affleck,2022,Nominee,Best Performance by an Actor in a Supporting Role in any Motion Picture
Jamie Dornan,2022,Nominee,Best Performance by an Actor in a Supporting Role in any Motion Picture
Ciarán Hinds,2022,Nominee,Best Performance by an Actor in a Supporting Role in any Motion Picture
Troy Kotsur,2022,Nominee,Best Performance by an Actor in a Supporting Role in any Motion Picture
Kodi Smit-McPhee,2022,Winner,Best Performance by an Actor in a Supporting Role in any Motion Picture
Kenneth Branagh,2022,Nominee,Best Director - Motion Picture
"Morning Show, The",2022,Nominee,Best Television Series - Drama
Pose,2022,Nominee,Best Television Series - Drama
Squid Game,2022,Nominee,Best Television Series - Drama
Succession,2022,Winner,Best Television Series - Drama
Uzo Aduba,2022,Nominee,Best Performance by an Actress In A Television Series - Drama
Jennifer Aniston,2022,Nominee,Best Performance by an Actress In A Television Series - Drama
Christine Baranski,2022,Nominee,Best Performance by an Actress In A Television Series - Drama
Elisabeth Moss,2022,Nominee,Best Performance by an Actress In A Television Series - Drama
Michaela Jae Rodriguez,2022,Winner,Best Performance by an Actress In A Television Series - Drama
Brian Cox,2022,Nominee,Best Performance by an Actor In A Television Series - Drama
"Morning Show, The",2022,Nominee,Best Television Series - Drama
Pose,2022,Nominee,Best Television Series - Drama
Squid Game,2022,Nominee,Best Television Series - Drama
Succession,2022,Winner,Best Television Series - Drama
Uzo Aduba,2022,Nominee,Best Performance by an Actress In A Television Series - Drama
Jennifer Aniston,2022,Nominee,Best Performance by an Actress In A Television Series - Drama
Christine Baranski,2022,Nominee,Best Performance by an Actress In A Television Series - Drama
Elisabeth Moss,2022,Nominee,Best Performance by an Actress In A Television Series - Drama
Michaela Jae Rodriguez,2022,Winner,Best Performance by an Actress In A Television Series - Drama
Brian Cox,2022,Nominee,Best Performance by an Actor In A Television Series - Drama
Elle Fanning,2022,Nominee,Best Performance by an Actress in a Television Series - Musical or Comedy
Issa Rae,2022,Nominee,Best Performance by an Actress in a Television Series - Musical or Comedy
Tracee Ross,2022,Nominee,Best Performance by an Actress in a Television Series - Musical or Comedy
Jean Smart,2022,Winner,Best Performance by an Actress in a Television Series - Musical or Comedy
Anthony Anderson,2022,Nominee,Best Performance by an Actor in a Television Series - Musical or Comedy
Nicholas Hoult,2022,Nominee,Best Performance by an Actor in a Television Series - Musical or Comedy
Steve Martin,2022,Nominee,Best Performance by an Actor in a Television Series - Musical or Comedy
Martin Short,2022,Nominee,Best Performance by an Actor in a Television Series - Musical or Comedy
Jason Sudeikis,2022,Winner,Best Performance by an Actor in a Television Series - Musical or Comedy
Dopesick,2022,Nominee,"Best Television Limited Series, Anthology Series, or Motion Picture Made for Television"
Impeachment: American Crime Story,2022,Nominee,"Best Television Limited Series, Anthology Series, or Motion Picture Made for Television"
Maid,2022,Nominee,"Best Television Limited Series, Anthology Series, or Motion Picture Made for Television"
Mare of Easttown,2022,Nominee,"Best Television Limited Series, Anthology Series, or Motion Picture Made for Television"
"Underground Railroad, The",2022,Winner,"Best Television Limited Series, Anthology Series, or Motion Picture Made for Television"
Jessica Chastain,2022,Nominee,"Best Performance by an Actress in a Limited Series, Anthology Series, or a Motion Picture Made for Television"
Cynthia Erivo,2022,Nominee,"Best Performance by an Actress in a Limited Series, Anthology Series, or a Motion Picture Made for Television"
Elizabeth Olsen,2022,Nominee,"Best Performance by an Actress in a Limited Series, Anthology Series, or a Motion Picture Made for Television"
Margaret Qualley,2022,Nominee,"Best Performance by an Actress in a Limited Series, Anthology Series, or a Motion Picture Made for Television"
Kate Winslet,2022,Winner,"Best Performance by an Actress in a Limited Series, Anthology Series, or a Motion Picture Made for Television"
Paul Bettany,2022,Nominee,"Best Performance by an Actor in a Limited Series, Anthology Series, or a Motion Picture Made for Television"
Oscar Isaac,2022,Nominee,"Best Performance by an Actor in a Limited Series, Anthology Series, or a Motion Picture Made for Television"
Michael Keaton,2022,Winner,"Best Performance by an Actor in a Limited Series, Anthology Series, or a Motion Picture Made for Television"
Ewan McGregor,2022,Nominee,"Best Performance by an Actor in a Limited Series, Anthology Series, or a Motion Picture Made for Television"
Tahar Rahim,2022,Nominee,"Best Performance by an Actor in a Limited Series, Anthology Series, or a Motion Picture Made for Television"
Jennifer Coolidge,2022,Nominee,"Best Performance by an Actress in a Supporting Role in a Series, Limited Series or Motion Picture Made for Television"
Kaitlyn Dever,2022,Nominee,"Best Performance by an Actress in a Supporting Role in a Series, Limited Series or Motion Picture Made for Television"
Andie MacDowell,2022,Nominee,"Best Performance by an Actress in a Supporting Role in a Series, Limited Series or Motion Picture Made for Television"
Sarah Snook,2022,Winner,"Best Performance by an Actress in a Supporting Role in a Series, Limited Series or Motion Picture Made for Television"
Hannah Waddingham,2022,Nominee,"Best Performance by an Actress in a Supporting Role in a Series, Limited Series or Motion Picture Made for Television"
Billy Crudup,2022,Nominee,"Best Performance by an Actor in a Supporting Role in a Series, Limited Series or Motion Picture Made for Television"
Kieran Culkin,2022,Nominee,"Best Performance by an Actor in a Supporting Role in a Series, Limited Series or Motion Picture Made for Television"
Mark Duplass,2022,Nominee,"Best Performance by an Actor in a Supporting Role in a Series, Limited Series or Motion Picture Made for Television"
Brett Goldstein,2022,Nominee,"Best Performance by an Actor in a Supporting Role in a Series, Limited Series or Motion Picture Made for Television"
Oh Young-soo,2022,Winner,"Best Performance by an Actor in a Supporting Role in a Series, Limited Series or Motion Picture Made for Television"
"Father, The",2021,Nominee,Best Motion Picture - Drama
Mank,2021,Nominee,Best Motion Picture - Drama
Nomadland,2021,Winner,Best Motion Picture - Drama
Promising Young Woman,2021,Nominee,Best Motion Picture - Drama
"Trial of the Chicago 7, The",2021,Nominee,Best Motion Picture - Drama
Viola Davis,2021,Nominee,Best Performance by an Actress in a Motion Picture - Drama
Andra Day,2021,Winner,Best Performance by an Actress in a Motion Picture - Drama
Vanessa Kirby,2021,Nominee,Best Performance by an Actress in a Motion Picture - Drama
Frances McDormand,2021,Nominee,Best Performance by an Actress in a Motion Picture - Drama
Carey Mulligan,2021,Nominee,Best Performance by an Actress in a Motion Picture - Drama
Riz Ahmed,2021,Nominee,Best Performance by an Actor in a Motion Picture - Drama
Chadwick Boseman,2021,Winner,Best Performance by an Actor in a Motion Picture - Drama
Anthony Hopkins,2021,Nominee,Best Performance by an Actor in a Motion Picture - Drama
Gary Oldman,2021,Nominee,Best Performance by an Actor in a Motion Picture - Drama
Tahar Rahim,2021,Nominee,Best Performance by an Actor in a Motion Picture - Drama
Borat Subsequent Moviefilm,2021,Winner,Best Motion Picture - Musical or Comedy
Hamilton,2021,Nominee,Best Motion Picture - Musical or Comedy
Music,2021,Nominee,Best Motion Picture - Musical or Comedy
Palm Springs,2021,Nominee,Best Motion Picture - Musical or Comedy
"Prom, The",2021,Nominee,Best Motion Picture - Musical or Comedy
Maria Bakalova,2021,Nominee,Best Performance by an Actress in a Motion Picture - Musical or Comedy
Kate Hudson,2021,Nominee,Best Performance by an Actress in a Motion Picture - Musical or Comedy
Michelle Pfeiffer,2021,Nominee,Best Performance by an Actress in a Motion Picture - Musical or Comedy
Rosamund Pike,2021,Winner,Best Performance by an Actress in a Motion Picture - Musical or Comedy
Anya Taylor-Joy,2021,Nominee,Best Performance by an Actress in a Motion Picture - Musical or Comedy
Sacha Baron Cohen,2021,Winner,Best Performance by an Actor in a Motion Picture - Musical or Comedy
James Corden,2021,Nominee,Best Performance by an Actor in a Motion Picture - Musical or Comedy
Lin-Manuel Miranda,2021,Nominee,Best Performance by an Actor in a Motion Picture - Musical or Comedy
Dev Patel,2021,Nominee,Best Performance by an Actor in a Motion Picture - Musical or Comedy
Andy Samberg,2021,Nominee,Best Performance by an Actor in a Motion Picture - Musical or Comedy
"Croods: A New Age, The",2021,Nominee,Best Motion Picture - Animated
Onward,2021,Nominee,Best Motion Picture - Animated
Over the Moon,2021,Nominee,Best Motion Picture - Animated
Soul,2021,Winner,Best Motion Picture - Animated
Wolfwalkers,2021,Nominee,Best Motion Picture - Animated
Another Round,2021,Nominee,Best Motion Picture – Non-English Language
La Llorona,2021,Nominee,Best Motion Picture – Non-English Language
"Life Ahead, The",2021,Nominee,Best Motion Picture – Non-English Language
Minari,2021,Winner,Best Motion Picture – Non-English Language
Two of Us,2021,Nominee,Best Motion Picture – Non-English Language
Glenn Close,2021,Nominee,Best Performance by an Actress in a Supporting Role in any Motion Picture
Olivia Colman,2021,Nominee,Best Performance by an Actress in a Supporting Role in any Motion Picture
Jodie Foster,2021,Winner,Best Performance by an Actress in a Supporting Role in any Motion Picture
Amanda Seyfried,2021,Nominee,Best Performance by an Actress in a Supporting Role in any Motion Picture
Helena Zengel,2021,Nominee,Best Performance by an Actress in a Supporting Role in any Motion Picture
Sacha Baron Cohen,2021,Nominee,Best Performance by an Actor in a Supporting Role in any Motion Picture
Daniel Kaluuya,2021,Winner,Best Performance by an Actor in a Supporting Role in any Motion Picture
Jared Leto,2021,Nominee,Best Performance by an Actor in a Supporting Role in any Motion Picture
Bill Murray,2021,Nominee,Best Performance by an Actor in a Supporting Role in any Motion Picture
Leslie Odom Jr.,2021,Nominee,Best Performance by an Actor in a Supporting Role in any Motion Picture
Emerald Fennell,2021,Nominee,Best Director - Motion Picture
David Fincher,2021,Nominee,Best Director - Motion Picture
Regina King,2021,Nominee,Best Director - Motion Picture
Aaron Sorkin,2021,Nominee,Best Director - Motion Picture
Chloé Zhao,2021,Winner,Best Director - Motion Picture
Emerald Fennell,2021,Nominee,Best Screenplay - Motion Picture
Jack Fincher,2021,Nominee,Best Screenplay - Motion Picture
Aaron Sorkin,2021,Winner,Best Screenplay - Motion Picture
"Florian Zeller, Christopher Hampton",2021,Nominee,Best Screenplay - Motion Picture
Chloé Zhao,2021,Nominee,Best Screenplay - Motion Picture
Alexandre Desplat,2021,Nominee,Best Original Score - Motion Picture
Ludwig Göransson,2021,Nominee,Best Original Score - Motion Picture
James Newton Howard,2021,Nominee,Best Original Score - Motion Picture
"Trent Reznor, Atticus Ross",2021,Nominee,Best Original Score - Motion Picture
"Trent Reznor, Atticus Ross, Jon Batiste",2021,Winner,Best Original Score - Motion Picture
Fight For You,2021,Nominee,Best Original Song - Motion Picture
Hear My Voice,2021,Nominee,Best Original Song - Motion Picture
Io Sì (Seen),2021,Winner,Best Original Song - Motion Picture
Speak Now,2021,Nominee,Best Original Song - Motion Picture
Tigress & Tweed,2021,Nominee,Best Original Song - Motion Picture
"Crown, The",2021,Winner,Best Television Series - Drama
Lovecraft Country,2021,Nominee,Best Television Series - Drama
"Mandalorian, The",2021,Nominee,Best Television Series - Drama
Ozark,2021,Nominee,Best Television Series - Drama
Ratched,2021,Nominee,Best Television Series - Drama
Olivia Colman,2021,Nominee,Best Performance by an Actress In A Television Series - Drama
Jodie Comer,2021,Nominee,Best Performance by an Actress In A Television Series - Drama
Emma Corrin,2021,Winner,Best Performance by an Actress In A Television Series - Drama
Laura Linney,2021,Nominee,Best Performance by an Actress In A Television Series - Drama
Sarah Paulson,2021,Nominee,Best Performance by an Actress In A Television Series - Drama
Jason Bateman,2021,Nominee,Best Performance by an Actor In A Television Series - Drama
Josh O’Connor,2021,Winner,Best Performance by an Actor In A Television Series - Drama
Bob Odenkirk,2021,Nominee,Best Performance by an Actor In A Television Series - Drama
Al Pacino,2021,Nominee,Best Performance by an Actor In A Television Series - Drama
Matthew Rhys,2021,Nominee,Best Performance by an Actor In A Television Series - Drama
Emily in Paris,2021,Nominee,Best Television Series - Musical or Comedy
"Flight Attendant, The",2021,Nominee,Best Television Series - Musical or Comedy
"Great, The",2021,Nominee,Best Television Series - Musical or Comedy
Schitt's Creek,2021,Winner,Best Television Series - Musical or Comedy
Ted Lasso,2021,Nominee,Best Television Series - Musical or Comedy
Lily Collins,2021,Nominee,Best Performance by an Actress in a Television Series - Musical or Comedy
Kaley Cuoco,2021,Nominee,Best Performance by an Actress in a Television Series - Musical or Comedy
Elle Fanning,2021,Nominee,Best Performance by an Actress in a Television Series - Musical or Comedy
Jane Levy,2021,Nominee,Best Performance by an Actress in a Television Series - Musical or Comedy
Catherine O’Hara,2021,Winner,Best Performance by an Actress in a Television Series - Musical or Comedy
Don Cheadle,2021,Nominee,Best Performance by an Actor in a Television Series - Musical or Comedy
Nicholas Hoult,2021,Nominee,Best Performance by an Actor in a Television Series - Musical or Comedy
Eugene Levy,2021,Nominee,Best Performance by an Actor in a Television Series - Musical or Comedy
Jason Sudeikis,2021,Winner,Best Performance by an Actor in a Television Series - Musical or Comedy
Ramy Youssef,2021,Nominee,Best Performance by an Actor in a Television Series - Musical or Comedy
Normal People,2021,Nominee,"Best Television Limited Series, Anthology Series, or Motion Picture Made for Television"
The Queen's Gambit,2021,Winner,"Best Television Limited Series, Anthology Series, or Motion Picture Made for Television"
Small Axe,2021,Nominee,"Best Television Limited Series, Anthology Series, or Motion Picture Made for Television"
"Undoing, The",2021,Nominee,"Best Television Limited Series, Anthology Series, or Motion Picture Made for Television"
Unorthodox,2021,Nominee,"Best Television Limited Series, Anthology Series, or Motion Picture Made for Television"
Cate Blanchett,2021,Nominee,"Best Performance by an Actress in a Limited Series, Anthology Series, or a Motion Picture Made for Television"
Daisy Edgar-Jones,2021,Nominee,"Best Performance by an Actress in a Limited Series, Anthology Series, or a Motion Picture Made for Television"
Shira Haas,2021,Nominee,"Best Performance by an Actress in a Limited Series, Anthology Series, or a Motion Picture Made for Television"
Nicole Kidman,2021,Nominee,"Best Performance by an Actress in a Limited Series, Anthology Series, or a Motion Picture Made for Television"
Anya Taylor-Joy,2021,Winner,"Best Performance by an Actress in a Limited Series, Anthology Series, or a Motion Picture Made for Television"
Bryan Cranston,2021,Nominee,"Best Performance by an Actor in a Limited Series, Anthology Series, or a Motion Picture Made for Television"
Jeff Daniels,2021,Nominee,"Best Performance by an Actor in a Limited Series, Anthology Series, or a Motion Picture Made for Television"
Hugh Grant,2021,Nominee,"Best Performance by an Actor in a Limited Series, Anthology Series, or a Motion Picture Made for Television"
Ethan Hawke,2021,Nominee,"Best Performance by an Actor in a Limited Series, Anthology Series, or a Motion Picture Made for Television"
Mark Ruffalo,2021,Winner,"Best Performance by an Actor in a Limited Series, Anthology Series, or a Motion Picture Made for Television"
Gillian Anderson,2021,Winner,"Best Performance by an Actress in a Supporting Role in a Series, Limited Series or Motion Picture Made for Television"
Helena Bonham Carter,2021,Nominee,"Best Performance by an Actress in a Supporting Role in a Series, Limited Series or Motion Picture Made for Television"
Julia Garner,2021,Nominee,"Best Performance by an Actress in a Supporting Role in a Series, Limited Series or Motion Picture Made for Television"
Annie Murphy,2021,Nominee,"Best Performance by an Actress in a Supporting Role in a Series, Limited Series or Motion Picture Made for Television"
Cynthia Nixon,2021,Nominee,"Best Performance by an Actress in a Supporting Role in a Series, Limited Series or Motion Picture Made for Television"
John Boyega,2021,Winner,"Best Performance by an Actor in a Supporting Role in a Series, Limited Series or Motion Picture Made for Television"
Brendan Gleeson,2021,Nominee,"Best Performance by an Actor in a Supporting Role in a Series, Limited Series or Motion Picture Made for Television"
Daniel Levy,2021,Nominee,"Best Performance by an Actor in a Supporting Role in a Series, Limited Series or Motion Picture Made for Television"
Jim Parsons,2021,Nominee,"Best Performance by an Actor in a Supporting Role in a Series, Limited Series or Motion Picture Made for Television"
Donald Sutherland,2021,Nominee,"Best Performance by an Actor in a Supporting Role in a Series, Limited Series or Motion Picture Made for Television"
1917,2020,Winner,Best Motion Picture - Drama
"Irishman, The",2020,Nominee,Best Motion Picture - Drama
Joker,2020,Nominee,Best Motion Picture - Drama
Marriage Story,2020,Nominee,Best Motion Picture - Drama
"Two Popes, The",2020,Nominee,Best Motion Picture - Drama
Cynthia Erivo,2020,Nominee,Best Performance by an Actress in a Motion Picture - Drama
Scarlett Johansson,2020,Nominee,Best Performance by an Actress in a Motion Picture - Drama
Saoirse Ronan,2020,Nominee,Best Performance by an Actress in a Motion Picture - Drama
Charlize Theron,2020,Nominee,Best Performance by an Actress in a Motion Picture - Drama
Renée Zellweger,2020,Winner,Best Performance by an Actress in a Motion Picture - Drama
Christian Bale,2020,Nominee,Best Performance by an Actor in a Motion Picture - Drama
Antonio Banderas,2020,Nominee,Best Performance by an Actor in a Motion Picture - Drama
Adam Driver,2020,Nominee,Best Performance by an Actor in a Motion Picture - Drama
Joaquin Phoenix,2020,Winner,Best Performance by an Actor in a Motion Picture - Drama
Jonathan Pryce,2020,Nominee,Best Performance by an Actor in a Motion Picture - Drama
Dolemite Is My Name,2020,Nominee,Best Motion Picture - Musical or Comedy
Jojo Rabbit,2020,Nominee,Best Motion Picture - Musical or Comedy
Knives Out,2020,Nominee,Best Motion Picture - Musical or Comedy
Once Upon a Time...in Hollywood,2020,Winner,Best Motion Picture - Musical or Comedy
Rocketman,2020,Nominee,Best Motion Picture - Musical or Comedy
Ana de Armas,2020,Nominee,Best Performance by an Actress in a Motion Picture - Musical or Comedy
Awkwafina .,2020,Winner,Best Performance by an Actress in a Motion Picture - Musical or Comedy
Cate Blanchett,2020,Nominee,Best Performance by an Actress in a Motion Picture - Musical or Comedy
Beanie Feldstein,2020,Nominee,Best Performance by an Actress in a Motion Picture - Musical or Comedy
Emma Thompson,2020,Nominee,Best Performance by an Actress in a Motion Picture - Musical or Comedy
Daniel Craig,2020,Nominee,Best Performance by an Actor in a Motion Picture - Musical or Comedy
Roman Davis,2020,Nominee,Best Performance by an Actor in a Motion Picture - Musical or Comedy
Leonardo DiCaprio,2020,Nominee,Best Performance by an Actor in a Motion Picture - Musical or Comedy
Taron Egerton,2020,Winner,Best Performance by an Actor in a Motion Picture - Musical or Comedy
Eddie Murphy,2020,Nominee,Best Performance by an Actor in a Motion Picture - Musical or Comedy
Frozen II,2020,Nominee,Best Motion Picture - Animated
How to Train Your Dragon: The Hidden World,2020,Nominee,Best Motion Picture - Animated
"Lion King, The (2019)",2020,Nominee,Best Motion Picture - Animated
Missing Link,2020,Winner,Best Motion Picture - Animated
Toy Story 4,2020,Nominee,Best Motion Picture - Animated
"Farewell, The",2020,Nominee,Best Motion Picture – Non-English Language
Les Misérables,2020,Nominee,Best Motion Picture – Non-English Language
Pain and Glory,2020,Nominee,Best Motion Picture – Non-English Language
Parasite,2020,Winner,Best Motion Picture – Non-English Language
Portrait of a Lady on Fire,2020,Nominee,Best Motion Picture – Non-English Language
Kathy Bates,2020,Nominee,Best Performance by an Actress in a Supporting Role in any Motion Picture
Annette Bening,2020,Nominee,Best Performance by an Actress in a Supporting Role in any Motion Picture
Laura Dern,2020,Winner,Best Performance by an Actress in a Supporting Role in any Motion Picture
Jennifer Lopez,2020,Nominee,Best Performance by an Actress in a Supporting Role in any Motion Picture
Margot Robbie,2020,Nominee,Best Performance by an Actress in a Supporting Role in any Motion Picture
Tom Hanks,2020,Nominee,Best Performance by an Actor in a Supporting Role in any Motion Picture
Anthony Hopkins,2020,Nominee,Best Performance by an Actor in a Supporting Role in any Motion Picture
Al Pacino,2020,Nominee,Best Performance by an Actor in a Supporting Role in any Motion Picture
Joe Pesci,2020,Nominee,Best Performance by an Actor in a Supporting Role in any Motion Picture
Brad Pitt,2020,Winner,Best Performance by an Actor in a Supporting Role in any Motion Picture
Bong Joon Ho,2020,Nominee,Best Director - Motion Picture
Sam Mendes,2020,Winner,Best Director - Motion Picture
Todd Phillips,2020,Nominee,Best Director - Motion Picture
Martin Scorsese,2020,Nominee,Best Director - Motion Picture
Quentin Tarantino,2020,Nominee,Best Director - Motion Picture
Noah Baumbach,2020,Nominee,Best Screenplay - Motion Picture
"Bong Joon Ho, Han Won",2020,Nominee,Best Screenplay - Motion Picture
Anthony McCarten,2020,Nominee,Best Screenplay - Motion Picture
Quentin Tarantino,2020,Winner,Best Screenplay - Motion Picture
Steven Zaillian,2020,Nominee,Best Screenplay - Motion Picture
Alexandre Desplat,2020,Nominee,Best Original Score - Motion Picture
