Oscar_Winner_Demo_ID,Birthplace,Date_Of_Birth,Race_Ethnicity,Religion,Sexual_Orientation,Year_Of_Award,Award,Biourl,Movie_Name,Winner
1,"Chisinau, Moldova",30-Sep-1895,White,Na,Straight,1927,Best Director,http://www.nndb.com/people/320/000043191/,Two Arabian Knights,Lewis Milestone
2,"Glasgow, Scotland",2-Feb-1886,White,Na,Straight,1930,Best Director,http://www.nndb.com/people/626/000042500/,The Divine Lady,Frank Lloyd
3,"Chisinau, Moldova",30-Sep-1895,White,Na,Straight,1931,Best Director,http://www.nndb.com/people/320/000043191/,All Quiet on the Western Front,Lewis Milestone
4,"Chicago, Il",23-Feb-1899,White,Na,Straight,1932,Best Director,http://www.nndb.com/people/544/000041421/,Skippy,Norman Taurog
5,"Salt Lake City, Ut",23-Apr-1894,White,Roman Catholic,Straight,1933,Best Director,http://www.nndb.com/people/292/000044160/,Bad Girl,Frank Borzage
6,"Glasgow, Scotland",2-Feb-1886,White,Na,Straight,1934,Best Director,http://www.nndb.com/people/626/000042500/,Cavalcade,Frank Lloyd
7,"Bisacquino, Sicily, Italy",18-May-1897,White,Roman Catholic,Straight,1935,Best Director,http://www.nndb.com/people/459/000032363/,It Happened One Night,Frank Capra
8,"Cape Elizabeth, Me",1-Feb-1894,White,Roman Catholic,Bisexual,1936,Best Director,http://www.nndb.com/people/458/000032362/,The Informer,John Ford
9,"Bisacquino, Sicily, Italy",18-May-1897,White,Roman Catholic,Straight,1937,Best Director,http://www.nndb.com/people/459/000032363/,Mr. Deeds Goes to Town,Frank Capra
10,"Los Angeles, Ca",3-Oct-1898,White,Na,Straight,1938,Best Director,http://www.nndb.com/people/380/000044248/,The Awful Truth,Leo McCarey
11,"Bisacquino, Sicily, Italy",18-May-1897,White,Roman Catholic,Straight,1939,Best Director,http://www.nndb.com/people/459/000032363/,You Can't Take It with You,Frank Capra
12,"Pasadena, Ca",23-Feb-1883,White,Na,Straight,1940,Best Director,http://www.nndb.com/people/416/000041293/,Gone with the Wind,Victor Fleming
13,"Cape Elizabeth, Me",1-Feb-1894,White,Roman Catholic,Bisexual,1941,Best Director,http://www.nndb.com/people/458/000032362/,The Grapes of Wrath,John Ford
14,"Cape Elizabeth, Me",1-Feb-1894,White,Roman Catholic,Bisexual,1942,Best Director,http://www.nndb.com/people/458/000032362/,How Green Was My Valley,John Ford
15,"Mulhouse, Haut-Rhin, Alsace, France",1-Jul-02,White,Na,Straight,1943,Best Director,http://www.nndb.com/people/463/000032367/,Mrs. Miniver,William Wyler
16,"Budapest, Hungary",24-Dec-1886,White,Na,Straight,1944,Best Director,http://www.nndb.com/people/676/000032580/,Casablanca,Michael Curtiz
17,"Los Angeles, Ca",3-Oct-1898,White,Na,Straight,1945,Best Director,http://www.nndb.com/people/380/000044248/,Going My Way,Leo McCarey
18,"Los Angeles, Ca",3-Oct-1898,White,Na,Straight,1945,Best Director,http://www.nndb.com/people/380/000044248/,Going My Way,Leo McCarey
19,"Sucha, Galicia, Austria",22-Jun-06,White,Jewish,Straight,1946,Best Director,http://www.nndb.com/people/982/000024910/,The Lost Weekend,Billy Wilder
20,"Mulhouse, Haut-Rhin, Alsace, France",1-Jul-02,White,Na,Straight,1947,Best Director,http://www.nndb.com/people/463/000032367/,The Best Years of Our Lives,William Wyler
21,"Istanbul, Turkey",7-Sep-09,White,Na,Straight,1948,Best Director,http://www.nndb.com/people/537/000026459/,Gentleman's Agreement,Elia Kazan
22,"Nevada, Mo",5-Aug-06,White,Na,Straight,1949,Best Director,http://www.nndb.com/people/704/000024632/,The Treasure of the Sierra Madre,John Huston
23,"Nevada, Mo",5-Aug-06,White,Na,Straight,1949,Best Director,http://www.nndb.com/people/704/000024632/,The Treasure of the Sierra Madre,John Huston
24,"Nevada, Mo",5-Aug-06,White,Na,Straight,1949,Best Director,http://www.nndb.com/people/704/000024632/,The Treasure of the Sierra Madre,John Huston
25,"Nevada, Mo",5-Aug-06,White,Na,Straight,1949,Best Director,http://www.nndb.com/people/704/000024632/,The Treasure of the Sierra Madre,John Huston
26,"Wilkes-Barre, Pa",11-Feb-09,White,Jewish,Straight,1950,Best Director,http://www.nndb.com/people/723/000032627/,A Letter to Three Wives,Joseph L. Mankiewicz
27,"Wilkes-Barre, Pa",11-Feb-09,White,Jewish,Straight,1950,Best Director,http://www.nndb.com/people/723/000032627/,A Letter to Three Wives,Joseph L. Mankiewicz
28,"Oakland, Ca",18-Dec-04,White,Na,Straight,1952,Best Director,http://www.nndb.com/people/382/000044250/,A Place in the Sun,George Stevens
29,"Cape Elizabeth, Me",1-Feb-1894,White,Roman Catholic,Bisexual,1953,Best Director,http://www.nndb.com/people/458/000032362/,The Quiet Man,John Ford
30,"Vienna, Austria",29-Apr-07,White,Jewish,Straight,1954,Best Director,http://www.nndb.com/people/538/000032442/,From Here to Eternity,Fred Zinnemann
31,"Istanbul, Turkey",7-Sep-09,White,Na,Straight,1955,Best Director,http://www.nndb.com/people/537/000026459/,On the Waterfront,Elia Kazan
32,"Lawrence, Ks",30-Jan-20,White,Presbyterian,Straight,1956,Best Director,http://www.nndb.com/people/384/000044252/,Marty,Delbert Mann
33,"Oakland, Ca",18-Dec-04,White,Na,Straight,1957,Best Director,http://www.nndb.com/people/382/000044250/,Giant,George Stevens
34,"Croydon, Surrey, England",25-Mar-08,White,Na,Straight,1958,Best Director,http://www.nndb.com/people/462/000032366/,The Bridge on the River Kwai,David Lean
35,"Chicago, Il",28-Feb-03,White,Na,Bisexual,1959,Best Director,http://www.nndb.com/people/825/000032729/,Gigi,Vincente Minnelli
36,"Mulhouse, Haut-Rhin, Alsace, France",1-Jul-02,White,Na,Straight,1960,Best Director,http://www.nndb.com/people/463/000032367/,Ben-Hur,William Wyler
37,"Sucha, Galicia, Austria",22-Jun-06,White,Jewish,Straight,1961,Best Director,http://www.nndb.com/people/982/000024910/,The Apartment,Billy Wilder
38,"Sucha, Galicia, Austria",22-Jun-06,White,Jewish,Straight,1961,Best Director,http://www.nndb.com/people/982/000024910/,The Apartment,Billy Wilder
39,"Croydon, Surrey, England",25-Mar-08,White,Na,Straight,1963,Best Director,http://www.nndb.com/people/462/000032366/,Lawrence of Arabia,David Lean
40,"Shipley, Yorkshire, England",5-Jun-28,White,Na,Bisexual,1964,Best Director,http://www.nndb.com/people/249/000043120/,Tom Jones,Tony Richardson
41,New York City,7-Jul-1899,White,Na,Gay,1965,Best Director,http://www.nndb.com/people/373/000041250/,My Fair Lady,George Cukor
42,"Winchester, In",10-Sep-14,White,Na,Straight,1966,Best Director,http://www.nndb.com/people/460/000032364/,The Sound of Music,Robert Wise
43,"Vienna, Austria",29-Apr-07,White,Jewish,Straight,1967,Best Director,http://www.nndb.com/people/538/000032442/,A Man for All Seasons,Fred Zinnemann
44,"Berlin, Germany",6-Nov-31,White,Jewish,Straight,1968,Best Director,http://www.nndb.com/people/455/000023386/,The Graduate,Mike Nichols
45,"London, England",30-Dec-06,White,Na,Straight,1969,Best Director,http://www.nndb.com/people/290/000064098/,Oliver!,Carol Reed
46,"London, England",16-Feb-26,White,Na,Gay,1969,Best Director,http://www.nndb.com/people/771/000032675/,Midnight Cowboy,John Schlesinger
47,"Tokyo, Japan",30-May-20,White,Na,Straight,1970,Best Director,http://www.nndb.com/people/509/000032413/,Patton,Franklin J. Schaffner
48,"Chicago, Il",29-Aug-35,White,Jewish,Straight,1972,Best Director,http://www.nndb.com/people/112/000024040/,The French Connection,William Friedkin
49,"Chicago, Il",23-Jun-27,White,Na,Straight,1973,Best Director,http://www.nndb.com/people/159/000032063/,Cabaret,Bob Fosse
50,"Minneapolis, Mn",20-Dec-21,White,Na,Straight,1973,Best Director,http://www.nndb.com/people/783/000032687/,The Sting,George Roy Hill
51,"Detroit, Mi",7-Apr-39,White,Na,Straight,1975,Best Director,http://www.nndb.com/people/866/000022800/,The Godfather Part II,Francis Ford Coppola
52,"CÌÁslav, Czechoslovakia",18-Feb-32,White,Na,Straight,1976,Best Director,http://www.nndb.com/people/622/000023553/,One Flew over the Cuckoo's Nest,Milos Forman
53,"Oak Park, Il",21-Dec-35,White,Na,Straight,1976,Best Director,http://www.nndb.com/people/679/000032583/,Rocky,John G. Avildsen
54,"Brooklyn, Ny",1-Dec-35,White,Jewish,Straight,1978,Best Director,http://www.nndb.com/people/501/000022435/,Annie Hall,Woody Allen
55,New York City,3-Feb-39,White,Na,Straight,1979,Best Director,http://www.nndb.com/people/810/000043681/,The Deer Hunter,Michael Cimino
56,New York City,3-Feb-39,White,Na,Straight,1979,Best Director,http://www.nndb.com/people/810/000043681/,The Deer Hunter,Michael Cimino
57,"Waxahachie, Tx",29-Sep-32,White,Na,Straight,1980,Best Director,http://www.nndb.com/people/267/000064075/,Kramer vs. Kramer,Robert Benton
58,"Waxahachie, Tx",29-Sep-32,White,Na,Straight,1980,Best Director,http://www.nndb.com/people/267/000064075/,Kramer vs. Kramer,Robert Benton
59,"Santa Monica, Ca",18-Aug-1936 [1],White,Na,Straight,1980,Best Director,http://www.nndb.com/people/795/000022729/,Ordinary People,Robert Redford
60,"Richmond, Va",30-Mar-37,White,Baptist,Straight,1981,Best Director,http://www.nndb.com/people/719/000022653/,Reds,Warren Beatty
61,"Cambridge, England",29-Aug-23,White,Na,Straight,1982,Best Director,http://www.nndb.com/people/750/000023681/,Gandhi,Richard Attenborough
62,"North Bergen, Nj",9-May-40,White,Na,Straight,1983,Best Director,http://www.nndb.com/people/209/000024137/,Terms of Endearment,James L. Brooks
63,"North Bergen, Nj",9-May-40,White,Na,Straight,1983,Best Director,http://www.nndb.com/people/209/000024137/,Terms of Endearment,James L. Brooks
64,"CÌÁslav, Czechoslovakia",18-Feb-32,White,Na,Straight,1985,Best Director,http://www.nndb.com/people/622/000023553/,Amadeus,Milos Forman
65,"Lafayette, In",1-Jul-34,White,Jewish,Straight,1986,Best Director,http://www.nndb.com/people/772/000023703/,Out of Africa,Sydney Pollack
66,New York City,15-Sep-46,White,Atheist,Straight,1990,Best Director,http://www.nndb.com/people/545/000022479/,Platoon,Oliver Stone
67,"Parma, Emilia-Romagna, Italy",16-Mar-41,White,Na,Straight,1988,Best Director,http://www.nndb.com/people/268/000024196/,The Last Emperor,Bernardo Bertolucci
68,"Baltimore, Md",6-Apr-42,White,Jewish,Straight,1989,Best Director,http://www.nndb.com/people/748/000023679/,Rain Man,Barry Levinson
69,New York City,15-Sep-46,White,Atheist,Straight,1990,Best Director,http://www.nndb.com/people/545/000022479/,Born on the Fourth of July,Oliver Stone
70,"Baldwin, Ny",22-Feb-44,White,Na,Straight,1992,Best Director,http://www.nndb.com/people/578/000024506/,The Silence of the Lambs,Jonathan Demme
71,"San Francisco, Ca",31-May-30,White,Na,Straight,1993,Best Director,http://www.nndb.com/people/849/000022783/,Unforgiven,Clint Eastwood
72,"Cincinnati, Oh",18-Dec-46,White,Jewish,Straight,1994,Best Director,http://www.nndb.com/people/734/000022668/,Schindler's List,Steven Spielberg
73,"Chicago, Il",14-May-52,White,Roman Catholic,Straight,1995,Best Director,http://www.nndb.com/people/224/000025149/,Forrest Gump,Robert Zemeckis
74,"Peekskill, Ny",3-Jan-56,White,Roman Catholic,Straight,1996,Best Director,http://www.nndb.com/people/583/000022517/,Braveheart,Mel Gibson
75,"Ryde, Isle of Wight, England",6-Jan-54,White,Na,Straight,1997,Best Director,http://www.nndb.com/people/513/000032417/,The English Patient,Anthony Minghella
76,"Kapuskasing, Ontario, Canada",16-Aug-54,White,Atheist,Straight,1998,Best Director,http://www.nndb.com/people/385/000025310/,Titanic,James Cameron
77,"Cincinnati, Oh",18-Dec-46,White,Jewish,Straight,1999,Best Director,http://www.nndb.com/people/734/000022668/,Saving Private Ryan,Steven Spielberg
78,"Reading, Berkshire, England",1-Aug-65,White,Na,Straight,2000,Best Director,http://www.nndb.com/people/059/000025981/,American Beauty,Sam Mendes
79,"Atlanta, Ga",14-Jan-63,White,Atheist,Straight,2001,Best Director,http://www.nndb.com/people/907/000025832/,Traffic,Steven Soderbergh
80,"Duncan, Ok",1-Mar-54,White,Na,Straight,2002,Best Director,http://www.nndb.com/people/365/000025290/,A Beautiful Mind,Ron Howard
81,"Paris, France",18-Aug-33,White,See Note,Straight,2003,Best Director,http://www.nndb.com/people/541/000023472/,The Pianist,Roman Polanski
82,"San Francisco, Ca",31-May-30,White,Na,Straight,2005,Best Director,http://www.nndb.com/people/849/000022783/,Million Dollar Baby,Clint Eastwood
83,"Pingtung, Taiwan",23-Oct-54,Asian,Na,Straight,2006,Best Director,http://www.nndb.com/people/394/000025319/,Brokeback Mountain,Ang Lee
84,"Flushing, Ny",17-Nov-42,White,Roman Catholic,Straight,2007,Best Director,http://www.nndb.com/people/678/000022612/,The Departed,Martin Scorsese
85,"Manchester, England",20-Oct-56,White,Roman Catholic,Straight,2009,Best Director,http://www.nndb.com/people/887/000044755/,Slumdog Millionaire,Danny Boyle
86,"Manchester, England",20-Oct-56,White,Roman Catholic,Straight,2009,Best Director,http://www.nndb.com/people/887/000044755/,Slumdog Millionaire,Danny Boyle
87,"San Carlos, Ca",27-Nov-51,White,Na,Straight,2009,Best Director,http://www.nndb.com/people/837/000079600/,The Hurt Locker,Kathryn Bigelow
88,"London, England",1972,White,Na,Na,2011,Best Director,http://www.nndb.com/people/093/000268286/,The King's Speech,Tom Hooper
89,"Paris, France",29-Mar-67,White,Jewish,Straight,2012,Best Director,http://www.nndb.com/people/302/000281456/,The Artist,Michel Hazanavicius
90,"Pingtung, Taiwan",23-Oct-54,Asian,Na,Straight,2013,Best Director,http://www.nndb.com/people/394/000025319/,Life of Pi,Ang Lee
91,"Rorschach, Switzerland",23-Jul-1884,White,Na,Bisexual,1929,Best Actor,http://www.nndb.com/people/738/000063549/,The Last Command,Emil Jannings
92,"Columbus, Oh",29-Mar-1889,White,Na,Straight,1930,Best Actor,http://www.nndb.com/people/739/000063550/,In Old Arizona,Warner Baxter
93,"Philadelphia, Pa",28-Apr-1878,White,Roman Catholic,Straight,1931,Best Actor,http://www.nndb.com/people/741/000043612/,A Free Soul,Lionel Barrymore
94,"Kansas City, Mo",1-Apr-1885,White,Na,Straight,1932,Best Actor,http://www.nndb.com/people/976/000043847/,The Champ,Wallace Beery
95,"Victoria Hotel, Scarborough, Yorkshire, England",1-Jul-1899,White,Roman Catholic,Gay,1934,Best Actor,http://www.nndb.com/people/884/000042758/,The Private Life of Henry VIII,Charles Laughton
96,"Cadiz, Oh",1-Feb-01,White,Na,Straight,1935,Best Actor,http://www.nndb.com/people/156/000027075/,It Happened One Night,Clark Gable
97,"Tunbridge Wells, Kent, England",11-Dec-1883,White,Anglican/episcopalian,Straight,1936,Best Actor,http://www.nndb.com/people/452/000047311/,The Informer,Victor McLaglen
98,"Lviv, Ukraine",22-Sep-1895,White,Jewish,Straight,1937,Best Actor,http://www.nndb.com/people/741/000063552/,The Story of Louis Pasteur,Paul Muni
99,"Milwaukee, Wi",5-Apr-00,White,Roman Catholic,Straight,1938,Best Actor,http://www.nndb.com/people/979/000024907/,Captains Courageous,Spencer Tracy
100,"Milwaukee, Wi",5-Apr-00,White,Roman Catholic,Straight,1939,Best Actor,http://www.nndb.com/people/979/000024907/,Boys Town,Spencer Tracy
101,"Helena, Mt",7-May-01,White,Roman Catholic,Straight,1942,Best Actor,http://www.nndb.com/people/740/000031647/,Sergeant York,Gary Cooper
102,"Manhattan, Ny",17-Jul-1899,White,Roman Catholic,Straight,1943,Best Actor,http://www.nndb.com/people/798/000024726/,Yankee Doodle Dandy,James Cagney
103,"Budapest, Hungary",26-May-1887,White,Na,Straight,1944,Best Actor,http://www.nndb.com/people/713/000042587/,Watch on the Rhine,Paul Lukas
104,"Tacoma, Wa",3-May-03,White,Roman Catholic,Straight,1945,Best Actor,http://www.nndb.com/people/651/000026573/,Going My Way,Bing Crosby
105,"Neath, Wales",3-Jan-07,White,Na,Straight,1946,Best Actor,http://www.nndb.com/people/814/000042688/,The Lost Weekend,Ray Milland
106,"Racine, Wi",31-Aug-1897,White,Na,Straight,1947,Best Actor,http://www.nndb.com/people/255/000043126/,The Best Years of Our Lives,Fredric March
107,"Richmond, Surrey, England",9-Feb-1891,White,Na,Straight,1948,Best Actor,http://www.nndb.com/people/619/000042493/,A Double Life,Ronald Colman
108,"Dorking, Surrey, England",22-May-07,White,Na,Bisexual,1949,Best Actor,http://www.nndb.com/people/607/000022541/,Hamlet,Laurence Olivier
109,"Helena, Mt",7-May-01,White,Roman Catholic,Straight,1953,Best Actor,http://www.nndb.com/people/740/000031647/,High Noon,Gary Cooper
110,"Helena, Mt",7-May-01,White,Roman Catholic,Straight,1953,Best Actor,http://www.nndb.com/people/740/000031647/,High Noon,Gary Cooper
111,"O'fallon, Il",17-Apr-18,White,Na,Straight,1954,Best Actor,http://www.nndb.com/people/210/000022144/,Stalag 17,William Holden
112,"Omaha, Ne",3-Apr-24,White,Deist,Bisexual,1955,Best Actor,http://www.nndb.com/people/721/000022655/,On the Waterfront,Marlon Brando
113,"Hamden, Ct",24-Jan-17,White,Na,Straight,1956,Best Actor,http://www.nndb.com/people/730/000022664/,Marty,Ernest Borgnine
114,"Vladivostok, Russia",11-Jul-20,White,Na,Straight,1957,Best Actor,http://www.nndb.com/people/459/000026381/,The King and I,Yul Brynner
115,"London, England",2-Apr-14,White,Roman Catholic,Bisexual,1958,Best Actor,http://www.nndb.com/people/751/000023682/,The Bridge on the River Kwai,Alec Guinness
116,"London, England",1-Mar-09,White,Na,Straight,1959,Best Actor,http://www.nndb.com/people/690/000031597/,Separate Tables,David Niven
117,New York City,2-Nov-13,White,Protestant,Straight,1961,Best Actor,http://www.nndb.com/people/938/000031845/,Elmer Gantry,Burt Lancaster
118,"La Jolla, Ca",5-Apr-16,White,Roman Catholic,Straight,1963,Best Actor,http://www.nndb.com/people/774/000023705/,To Kill a Mockingbird,Gregory Peck
119,"Miami, Fl",20-Feb-27,Black,Deist,Straight,1964,Best Actor,http://www.nndb.com/people/200/000023131/,Lilies of the Field,Sidney Poitier
120,"Huyton, Lancashire, England",5-Mar-08,White,Na,Straight,1965,Best Actor,http://www.nndb.com/people/132/000043003/,My Fair Lady,Rex Harrison
121,New York City,19-Feb-24,White,Na,Straight,1966,Best Actor,http://www.nndb.com/people/314/000026236/,Cat Ballou,Lee Marvin
122,"Westhampton, Ny",14-Apr-25,White,Lutheran,Straight,1968,Best Actor,http://www.nndb.com/people/762/000026684/,In the Heat of the Night,Rod Steiger
123,"La Jolla, Ca",9-Sep-23,White,Na,Straight,1969,Best Actor,http://www.nndb.com/people/134/000023065/,Charly,Cliff Robertson
124,"Winterset, Ia",26-May-07,White,Roman Catholic,Straight,1970,Best Actor,http://www.nndb.com/people/605/000023536/,True Grit,John Wayne
125,"Wise, Va",18-Oct-27,White,Na,Straight,1971,Best Actor,http://www.nndb.com/people/025/000022956/,Patton,George C. Scott
126,"San Bernardino, Ca",30-Jan-30,White,Na,Straight,1972,Best Actor,http://www.nndb.com/people/878/000022812/,The French Connection,Gene Hackman
127,"Omaha, Ne",3-Apr-24,White,Deist,Bisexual,1973,Best Actor,http://www.nndb.com/people/721/000022655/,The Godfather,Marlon Brando
128,"Newton, Ma",8-Feb-25,White,Roman Catholic,Straight,1974,Best Actor,http://www.nndb.com/people/714/000026636/,Save the Tiger,Jack Lemmon
129,"Mount Vernon, Ny",4-Nov-18,White,Na,Straight,1975,Best Actor,http://www.nndb.com/people/182/000025107/,Harry and Tonto,Art Carney
130,"South Kensington, London, England",28-Sep-16,White,Na,Straight,1977,Best Actor,http://www.nndb.com/people/745/000063556/,Network,Peter Finch
131,"Brooklyn, Ny",29-Oct-47,White,Jewish,Straight,1978,Best Actor,http://www.nndb.com/people/814/000022748/,The Goodbye Girl,Richard Dreyfuss
132,"Yonkers, Ny",29-Dec-38,White,Roman Catholic,Straight,1979,Best Actor,http://www.nndb.com/people/060/000023988/,Coming Home,Jon Voight
133,"Los Angeles, Ca",8-Aug-37,White,Jewish,Straight,1980,Best Actor,http://www.nndb.com/people/882/000022816/,Kramer vs. Kramer,Dustin Hoffman
134,New York City,17-Aug-43,White,Roman Catholic,Straight,1981,Best Actor,http://www.nndb.com/people/765/000023696/,Raging Bull,Robert De Niro
135,"Grand Island, Ne",16-May-05,White,Na,Straight,1982,Best Actor,http://www.nndb.com/people/496/000026418/,On Golden Pond,Henry Fonda
136,"Scarborough, Yorkshire, England",31-Dec-43,Multiracial,Quaker,Straight,1983,Best Actor,http://www.nndb.com/people/519/000024447/,Gandhi,Ben Kingsley
137,"San Diego, Ca",5-Jan-31,White,Na,Straight,1984,Best Actor,http://www.nndb.com/people/008/000022939/,Tender Mercies,Robert Duvall
138,"Pittsburgh, Pa",24-Oct-39,Middle Eastern,Na,Straight,1985,Best Actor,http://www.nndb.com/people/123/000024051/,Amadeus,F. Murray Abraham
139,"Washington, Dc",20-Mar-50,White,Lutheran,Straight,1986,Best Actor,http://www.nndb.com/people/683/000023614/,Kiss of the Spider Woman,William Hurt
140,"Shaker Heights, Oh",26-Jan-25,White,Jewish,Straight,1987,Best Actor,http://www.nndb.com/people/804/000022738/,The Color of Money,Paul Newman
141,"New Brunswick, Nj",25-Sep-44,White,Jewish,Straight,1988,Best Actor,http://www.nndb.com/people/614/000024542/,Wall Street,Michael Douglas
142,"Cowes, Isle of Wight, England",19-Sep-48,White,Na,Straight,1991,Best Actor,http://www.nndb.com/people/594/000023525/,Reversal of Fortune,Jeremy Irons
143,"East Harlem, New York City",25-Apr-40,White,Roman Catholic,Straight,1993,Best Actor,http://www.nndb.com/people/880/000022814/,Scent of a Woman,Al Pacino
144,"Concord, Ca",9-Jul-56,White,Born-Again Christian,Straight,1994,Best Actor,http://www.nndb.com/people/687/000022621/,Philadelphia,Tom Hanks
145,"Concord, Ca",9-Jul-56,White,Born-Again Christian,Straight,1994,Best Actor,http://www.nndb.com/people/687/000022621/,Philadelphia,Tom Hanks
146,"Concord, Ca",9-Jul-56,White,Born-Again Christian,Straight,1995,Best Actor,http://www.nndb.com/people/687/000022621/,Forrest Gump,Tom Hanks
147,"Long Beach, Ca",7-Jan-64,White,Roman Catholic,Straight,1996,Best Actor,http://www.nndb.com/people/751/000022685/,Leaving Las Vegas,Nicolas Cage
148,"Toowoomba, Queensland, Australia",6-Jul-51,White,Na,Straight,1997,Best Actor,http://www.nndb.com/people/126/000025051/,Shine,Geoffrey Rush
149,New York City,22-Apr-37,White,Atheist,Straight,1997,Best Actor,http://www.nndb.com/people/722/000022656/,As Good as It Gets,Jack Nicholson
150,"South Orange, Nj",26-Jul-59,White,Na,Matter of Dispute,2000,Best Actor,http://www.nndb.com/people/591/000023522/,American Beauty,Kevin Spacey
151,"Wellington, New Zealand",7-Apr-64,White,Na,Straight,2001,Best Actor,http://www.nndb.com/people/782/000022716/,Gladiator,Russell Crowe
152,"Mount Vernon, Ny",28-Dec-54,Black,Protestant,Straight,2002,Best Actor,http://www.nndb.com/people/665/000023596/,Training Day,Denzel Washington
153,New York City,14-Apr-73,White,Jewish,Straight,2003,Best Actor,http://www.nndb.com/people/112/000026034/,The Pianist,Adrien Brody
154,"Burbank, Ca",17-Aug-60,White,Roman Catholic,Straight,2003,Best Actor,http://www.nndb.com/people/331/000025256/,Mystic River,Sean Penn
155,"Terrell, Tx",13-Dec-67,Black,Baptist,Straight,2005,Best Actor,http://www.nndb.com/people/113/000026035/,Ray,Jamie Foxx
156,"Fairport, Ny",23-Jul-67,White,Na,Straight,2006,Best Actor,http://www.nndb.com/people/409/000027328/,Capote,Philip Seymour Hoffman
157,"Longview, Tx",15-Jul-61,Black,Na,Straight,2007,Best Actor,http://www.nndb.com/people/833/000025758/,The Last King of Scotland,Forest Whitaker
158,"London, England",29-Apr-57,White,Na,Straight,2008,Best Actor,http://www.nndb.com/people/788/000022722/,There Will Be Blood,Daniel Day-Lewis
159,"Burbank, Ca",17-Aug-60,White,Roman Catholic,Straight,2009,Best Actor,http://www.nndb.com/people/331/000025256/,Milk,Sean Penn
160,"Los Angeles, Ca",4-Dec-49,White,Lutheran,Straight,2010,Best Actor,http://www.nndb.com/people/779/000022713/,Crazy Heart,Jeff Bridges
161,"Grayshott, Hampshire, England",10-Sep-60,White,Na,Straight,2011,Best Actor,http://www.nndb.com/people/813/000043684/,The King's Speech,Colin Firth
162,"Rueil-Malmaison, Hauts-De-Seine, France",19-Jun-72,White,Na,Straight,2012,Best Actor,http://www.nndb.com/people/303/000281457/,The Artist,Jean Dujardin
163,"London, England",29-Apr-57,White,Na,Straight,2013,Best Actor,http://www.nndb.com/people/788/000022722/,Lincoln,Daniel Day-Lewis
164,"Uvalde, Tx",4-Nov-69,White,Na,Straight,2014,Best Actor,http://www.nndb.com/people/583/000023514/,Dallas Buyers Club,Matthew McConaughey
165,"Swampscott, Ma",25-Jul-1894,White,Na,Straight,1938,Best Supporting Actor,http://www.nndb.com/people/347/000032251/,Come and Get It,Walter Brennan
166,"Vienna, Austria",22-Mar-1896,White,Na,Straight,1938,Best Supporting Actor,http://www.nndb.com/people/115/000063923/,The Life of Emile Zola,Joseph Schildkraut
167,"Swampscott, Ma",25-Jul-1894,White,Na,Straight,1939,Best Supporting Actor,http://www.nndb.com/people/347/000032251/,Kentucky,Walter Brennan
168,"Elizabeth, Nj",11-Jul-1892,White,Na,Straight,1940,Best Supporting Actor,http://www.nndb.com/people/116/000063924/,Stagecoach,Thomas Mitchell
169,"Swampscott, Ma",25-Jul-1894,White,Na,Straight,1941,Best Supporting Actor,http://www.nndb.com/people/347/000032251/,The Westerner,Walter Brennan
170,"London, England",27-Jul-1880,White,Na,Straight,1942,Best Supporting Actor,http://www.nndb.com/people/689/000031596/,How Green Was My Valley,Donald Crisp
171,"Walters, Ok",13-Dec-10,White,Na,Straight,1943,Best Supporting Actor,http://www.nndb.com/people/680/000042554/,Johnny Eager,Van Heflin
172,"Walters, Ok",13-Dec-10,White,Na,Straight,1943,Best Supporting Actor,http://www.nndb.com/people/680/000042554/,Johnny Eager,Van Heflin
173,"Savannah, Ga",17-Jun-1877,White,Na,Straight,1944,Best Supporting Actor,http://www.nndb.com/people/127/000063935/,The More the Merrier,Charles Coburn
174,"Dublin, Ireland",10-Mar-1888,White,Protestant,Na,1945,Best Supporting Actor,http://www.nndb.com/people/126/000063934/,Going My Way,Barry Fitzgerald
175,New York City,2-Nov-01,White,Na,Straight,1946,Best Supporting Actor,http://www.nndb.com/people/125/000063933/,A Tree Grows in Brooklyn,James Dunn
176,"North Sydney, Nova Scotia, Canada",14-Jan-14,White,Na,Straight,1947,Best Supporting Actor,http://www.nndb.com/people/124/000063932/,The Best Years of Our Lives,Harold Russell
177,"Vale of Glamorgan, Wales",26-Sep-1875,White,Na,Na,1948,Best Supporting Actor,http://www.nndb.com/people/123/000063931/,Miracle on 34th Street,Edmund Gwenn
178,"Toronto, Ontario, Canada",6-Apr-1884,White,Na,Straight,1949,Best Supporting Actor,http://www.nndb.com/people/122/000063930/,The Treasure of the Sierra Madre,Walter Huston
179,"Lima, Oh",7-Nov-03,White,Na,Straight,1950,Best Supporting Actor,http://www.nndb.com/people/121/000063929/,Twelve O'Clock High,Dean Jagger
180,"Chicago, Il",22-Mar-12,White,Na,Straight,1952,Best Supporting Actor,http://www.nndb.com/people/553/000022487/,A Streetcar Named Desire,Karl Malden
181,"Chihuahua, Mexico",21-Apr-15,Hispanic,Na,Straight,1953,Best Supporting Actor,http://www.nndb.com/people/228/000032132/,Viva Zapata!,Anthony Quinn
182,"Hoboken, Nj",12-Dec-15,White,Na,Straight,1954,Best Supporting Actor,http://www.nndb.com/people/300/000026222/,From Here to Eternity,Frank Sinatra
183,New York City,10-Sep-15,White,Roman Catholic,Straight,1955,Best Supporting Actor,http://www.nndb.com/people/620/000042494/,The Barefoot Contessa,Edmond O'Brien
184,"Newton, Ma",8-Feb-25,White,Roman Catholic,Straight,1956,Best Supporting Actor,http://www.nndb.com/people/714/000026636/,Mister Roberts,Jack Lemmon
185,"Chihuahua, Mexico",21-Apr-15,Hispanic,Na,Straight,1957,Best Supporting Actor,http://www.nndb.com/people/228/000032132/,Lust for Life,Anthony Quinn
186,New York City,5-Feb-19,White,Jewish,Straight,1958,Best Supporting Actor,http://www.nndb.com/people/820/000022754/,Sayonara,Red Buttons
187,"Hunt City, Il",14-Jun-09,White,Na,Straight,1959,Best Supporting Actor,http://www.nndb.com/people/679/000042553/,The Big Country,Burl Ives
188,"Marian Glas, Anglesey, Wales",30-May-12,White,Na,Na,1960,Best Supporting Actor,http://www.nndb.com/people/120/000063928/,Ben-Hur,Hugh Griffith
189,"London, England",16-Apr-21,White,Na,Straight,1961,Best Supporting Actor,http://www.nndb.com/people/810/000022744/,Spartacus,Peter Ustinov
190,"Norwood, Oh",16-Sep-34,White,Na,Gay,1962,Best Supporting Actor,http://www.nndb.com/people/119/000063927/,West Side Story,George Chakiris
191,"Macon, Ga",5-Apr-01,White,Jewish,Straight,1964,Best Supporting Actor,http://www.nndb.com/people/100/000063908/,Hud,Melvyn Douglas
192,"London, England",16-Apr-21,White,Na,Straight,1965,Best Supporting Actor,http://www.nndb.com/people/810/000022744/,Topkapi,Peter Ustinov
193,"Bronx, Ny",4-Nov-19,White,Na,Straight,1966,Best Supporting Actor,http://www.nndb.com/people/111/000063919/,A Thousand Clowns,Martin Balsam
194,New York City,1-Oct-20,White,Jewish,Straight,1967,Best Supporting Actor,http://www.nndb.com/people/768/000023699/,The Fortune Cookie,Walter Matthau
195,New York City,18-Feb-25,White,Na,Straight,1968,Best Supporting Actor,http://www.nndb.com/people/001/000022932/,Cool Hand Luke,George Kennedy
196,"Malden, Ma",16-Jun-07,White,Na,Na,1969,Best Supporting Actor,http://www.nndb.com/people/559/000049412/,The Subject Was Roses,Jack Albertson
197,"Malden, Ma",16-Jun-07,White,Na,Na,1969,Best Supporting Actor,http://www.nndb.com/people/559/000049412/,The Subject Was Roses,Jack Albertson
198,"St. Cloud, Mn",4-Nov-13,White,Na,Straight,1970,Best Supporting Actor,http://www.nndb.com/people/110/000063918/,"They Shoot Horses, Don't They?",Gig Young
199,"Felixstowe, Suffolk, England",22-Feb-08,White,Na,Straight,1971,Best Supporting Actor,http://www.nndb.com/people/701/000030611/,Ryan's Daughter,John Mills
200,"Shidler, Ok",13-Jun-18,White,Na,Straight,1972,Best Supporting Actor,http://www.nndb.com/people/425/000064233/,The Last Picture Show,Ben Johnson
201,"Cleveland, Oh",11-Apr-32,White,Jewish,Gay,1973,Best Supporting Actor,http://www.nndb.com/people/853/000048709/,Cabaret,Joel Grey
202,"Bucharest, Romania",22-Sep-02,White,Na,Straight,1974,Best Supporting Actor,http://www.nndb.com/people/686/000042560/,The Paper Chase,John Houseman
203,New York City,17-Aug-43,White,Roman Catholic,Straight,1975,Best Supporting Actor,http://www.nndb.com/people/765/000023696/,The Godfather Part II,Robert De Niro
204,New York City,20-Jan-1896,White,Jewish,Straight,1976,Best Supporting Actor,http://www.nndb.com/people/895/000022829/,The Sunshine Boys,George Burns
205,"Chicago, Il",26-Jul-22,White,Na,Straight,1977,Best Supporting Actor,http://www.nndb.com/people/224/000032128/,All the President's Men,Jason Robards
206,"Chicago, Il",26-Jul-22,White,Na,Straight,1977,Best Supporting Actor,http://www.nndb.com/people/224/000032128/,All the President's Men,Jason Robards
207,"Chicago, Il",26-Jul-22,White,Na,Straight,1978,Best Supporting Actor,http://www.nndb.com/people/224/000032128/,Julia,Jason Robards
208,"Astoria, Ny",31-Mar-43,White,Na,Straight,1979,Best Supporting Actor,http://www.nndb.com/people/618/000022552/,The Deer Hunter,Christopher Walken
209,"Macon, Ga",5-Apr-01,White,Jewish,Straight,1980,Best Supporting Actor,http://www.nndb.com/people/100/000063908/,Being There,Melvyn Douglas
210,"London, England",14-Apr-04,White,Na,Gay,1982,Best Supporting Actor,http://www.nndb.com/people/589/000033490/,Arthur,John Gielgud
211,New York City,22-Apr-37,White,Atheist,Straight,1984,Best Supporting Actor,http://www.nndb.com/people/722/000022656/,Terms of Endearment,Jack Nicholson
212,"Samrong Young, Cambodia",22-Mar-40,Asian,Buddhist,Straight,1985,Best Supporting Actor,http://www.nndb.com/people/093/000063901/,The Killing Fields,Haing S. Ngor
213,"Kenosha, Wi",31-May-04,White,Roman Catholic,Straight,1986,Best Supporting Actor,http://www.nndb.com/people/736/000024664/,Cocoon,Don Ameche
214,"Bermondsey, England",14-Mar-33,White,Na,Straight,1987,Best Supporting Actor,http://www.nndb.com/people/754/000022688/,Hannah and Her Sisters,Michael Caine
215,"Edinburgh, Scotland",25-Aug-30,White,Roman Catholic,Straight,1988,Best Supporting Actor,http://www.nndb.com/people/881/000022815/,The Untouchables,Sean Connery
216,"St. Louis, Mo",24-Oct-47,White,Roman Catholic,Straight,1989,Best Supporting Actor,http://www.nndb.com/people/819/000024747/,A Fish Called Wanda,Kevin Kline
217,"Mount Vernon, Ny",28-Dec-54,Black,Protestant,Straight,1990,Best Supporting Actor,http://www.nndb.com/people/665/000023596/,Glory,Denzel Washington
218,"Newark, Nj",9-Feb-43,White,Na,Straight,1991,Best Supporting Actor,http://www.nndb.com/people/582/000022516/,Good Fellas,Joe Pesci
219,"Lattimer Mines, Pa",18-Feb-19,White,Na,Straight,1992,Best Supporting Actor,http://www.nndb.com/people/579/000022513/,City Slickers,Jack Palance
220,"San Bernardino, Ca",30-Jan-30,White,Na,Straight,1993,Best Supporting Actor,http://www.nndb.com/people/878/000022812/,Unforgiven,Gene Hackman
221,"San Saba, Tx",15-Sep-46,White,Na,Straight,1994,Best Supporting Actor,http://www.nndb.com/people/530/000022464/,The Fugitive,Tommy Lee Jones
222,"Brooklyn, Ny",20-Jun-31,White,Jewish,Straight,1995,Best Supporting Actor,http://www.nndb.com/people/431/000023362/,Ed Wood,Martin Landau
223,"South Orange, Nj",26-Jul-59,White,Na,Matter of Dispute,1996,Best Supporting Actor,http://www.nndb.com/people/591/000023522/,The Usual Suspects,Kevin Spacey
224,"Bronx, Ny",2-Jan-68,Black,Na,Straight,1997,Best Supporting Actor,http://www.nndb.com/people/587/000023518/,Jerry Maguire,"Cuba Gooding, Jr."
225,"Chicago, Il",21-Jul-51,White,Anglican/episcopalian,Straight,1998,Best Supporting Actor,http://www.nndb.com/people/606/000022540/,Good Will Hunting,Robin Williams
226,"Laurel, Ne",31-Aug-28,White,Na,Straight,1999,Best Supporting Actor,http://www.nndb.com/people/764/000022698/,Affliction,James Coburn
227,"Laurel, Ne",31-Aug-28,White,Na,Straight,1999,Best Supporting Actor,http://www.nndb.com/people/764/000022698/,Affliction,James Coburn
228,"Bermondsey, England",14-Mar-33,White,Na,Straight,2000,Best Supporting Actor,http://www.nndb.com/people/754/000022688/,The Cider House Rules,Michael Caine
229,"Santurce, Puerto Rico",19-Feb-67,Hispanic,Na,Straight,2001,Best Supporting Actor,http://www.nndb.com/people/087/000026009/,Traffic,Benicio Del Toro
230,"Lincoln, Lincolnshire, England",24-May-49,White,Na,Straight,2002,Best Supporting Actor,http://www.nndb.com/people/092/000063900/,Iris,Jim Broadbent
231,"Kansas City, Mo",9-Jul-51,White,Na,Straight,2003,Best Supporting Actor,http://www.nndb.com/people/130/000025055/,Adaptation,Chris Cooper
232,"West Covina, Ca",16-Oct-58,White,Roman Catholic,Straight,2004,Best Supporting Actor,http://www.nndb.com/people/614/000025539/,Mystic River,Tim Robbins
233,"Memphis, Tn",1-Jun-37,Black,Na,Straight,2005,Best Supporting Actor,http://www.nndb.com/people/982/000023913/,Million Dollar Baby,Morgan Freeman
234,"Lexington, Ky",6-May-61,White,Na,Straight,2006,Best Supporting Actor,http://www.nndb.com/people/763/000022697/,Syriana,George Clooney
235,"Brooklyn, Ny",26-Mar-34,White,Jewish,Straight,2007,Best Supporting Actor,http://www.nndb.com/people/777/000022711/,Little Miss Sunshine,Alan Arkin
236,"Las Palmas De Gran Canaria, Canary Islands",1-Mar-69,Hispanic,Na,Straight,2008,Best Supporting Actor,http://www.nndb.com/people/733/000109406/,No Country for Old Men,Javier Bardem
237,"Perth, Australia",4-Apr-79,White,Na,Straight,2009,Best Supporting Actor,http://www.nndb.com/people/204/000029117/,The Dark Knight,Heath Ledger
238,Na,4-Oct-56,White,Na,Straight,2010,Best Supporting Actor,http://www.nndb.com/people/455/000213813/,Inglourious Basterds,Christoph Waltz
239,"Haverfordwest, Pembrokeshire, Wales",30-Jan-74,White,Na,Straight,2011,Best Supporting Actor,http://www.nndb.com/people/877/000031784/,The Fighter,Christian Bale
240,Na,4-Oct-56,White,Na,Straight,2013,Best Supporting Actor,http://www.nndb.com/people/455/000213813/,Django Unchained,Christoph Waltz
241,"Bossier City, La",26-Dec-71,White,Na,Straight,2014,Best Supporting Actor,http://www.nndb.com/people/438/000026360/,Dallas Buyers Club,Jared Leto
242,"Philadelphia, Pa",6-Oct-06,White,Na,Straight,1929,Best Actress,http://www.nndb.com/people/129/000043000/,7th Heaven,Janet Gaynor
243,"Toronto, Ontario, Canada",8-Apr-1892,White,Na,Straight,1930,Best Actress,http://www.nndb.com/people/683/000042557/,Coquette,Mary Pickford
244,"Montreal, Quebec, Canada",10-Aug-02,White,Na,Straight,1930,Best Actress,http://www.nndb.com/people/813/000063624/,The Divorcee,Norma Shearer
245,"Cobourg, Ontario, Canada",2-Nov-1868,White,Na,Straight,1931,Best Actress,http://www.nndb.com/people/814/000063625/,Min and Bill,Marie Dressler
246,"Washington, Dc",10-Oct-00,White,Na,Straight,1932,Best Actress,http://www.nndb.com/people/908/000031815/,The Sin of Madelon Claudet,Helen Hayes
247,"Hartford, Ct",12-May-07,White,Atheist,Bisexual,1934,Best Actress,http://www.nndb.com/people/775/000023706/,Morning Glory,Katharine Hepburn
248,"Paris, France",13-Sep-03,White,Na,Straight,1935,Best Actress,http://www.nndb.com/people/935/000043806/,It Happened One Night,Claudette Colbert
249,"Lowell, Ma",5-Apr-08,White,Na,Straight,1936,Best Actress,http://www.nndb.com/people/457/000026379/,Dangerous,Bette Davis
250,"Dusseldorf, Germany",12-Jan-10,White,Jewish,Straight,1937,Best Actress,http://www.nndb.com/people/796/000030706/,The Great Ziegfeld,Luise Rainer
251,"Dusseldorf, Germany",12-Jan-10,White,Jewish,Straight,1938,Best Actress,http://www.nndb.com/people/796/000030706/,The Good Earth,Luise Rainer
252,"Lowell, Ma",5-Apr-08,White,Na,Straight,1939,Best Actress,http://www.nndb.com/people/457/000026379/,Jezebel,Bette Davis
253,"Darjeeling, India",5-Nov-13,White,Roman Catholic,Straight,1940,Best Actress,http://www.nndb.com/people/470/000022404/,Gone with the Wind,Vivien Leigh
254,"Independence, Mo",16-Jul-11,White,Christian Science,Straight,1941,Best Actress,http://www.nndb.com/people/635/000043506/,Kitty Foyle,Ginger Rogers
255,"Independence, Mo",16-Jul-11,White,Christian Science,Straight,1941,Best Actress,http://www.nndb.com/people/635/000043506/,Kitty Foyle,Ginger Rogers
256,"Tokyo, Japan",22-Oct-17,White,Na,Straight,1940,Best Actress,http://www.nndb.com/people/487/000026409/,Suspicion,Joan Fontaine
257,"London, England",29-Sep-04,White,Na,Straight,1942,Best Actress,http://www.nndb.com/people/293/000044161/,Mrs. Miniver,Greer Garson
258,"Tulsa, Ok",2-Mar-19,White,Roman Catholic,Straight,1944,Best Actress,http://www.nndb.com/people/809/000063620/,The Song of Bernadette,Jennifer Jones
259,"Stockholm, Sweden",29-Aug-15,White,Na,Straight,1945,Best Actress,http://www.nndb.com/people/836/000024764/,Gaslight,Ingrid Bergman
260,"San Antonio, Tx",23-Mar-05,White,Christian Science,Bisexual,1946,Best Actress,http://www.nndb.com/people/837/000031744/,Mildred Pierce,Joan Crawford
261,"Tokyo, Japan",1-Jul-16,White,Na,Straight,1947,Best Actress,http://www.nndb.com/people/741/000022675/,To Each His Own,Olivia de Havilland
262,"Salt Lake City, Ut",6-Jan-13,White,Roman Catholic,Straight,1948,Best Actress,http://www.nndb.com/people/089/000031993/,The Farmer's Daughter,Loretta Young
263,"St. Joseph, Mo",5-Jan-17,White,Roman Catholic,Straight,1949,Best Actress,http://www.nndb.com/people/656/000022590/,Johnny Belinda,Jane Wyman
264,"Tokyo, Japan",1-Jul-16,White,Na,Straight,1950,Best Actress,http://www.nndb.com/people/741/000022675/,The Heiress,Olivia de Havilland
265,New York City,21-Jun-21,White,Na,Straight,1951,Best Actress,http://www.nndb.com/people/808/000063619/,Born Yesterday,Judy Holliday
266,"Darjeeling, India",5-Nov-13,White,Roman Catholic,Straight,1952,Best Actress,http://www.nndb.com/people/470/000022404/,A Streetcar Named Desire,Vivien Leigh
267,New York City,30-Aug-1898,White,Na,Straight,1953,Best Actress,http://www.nndb.com/people/807/000063618/,"Come Back, Little Sheba",Shirley Booth
268,"Brussels, Belgium",4-May-29,White,Christian Science,Straight,1954,Best Actress,http://www.nndb.com/people/933/000026855/,Roman Holiday,Audrey Hepburn
269,"Philadelphia, Pa",12-Nov-29,White,Roman Catholic,Straight,1955,Best Actress,http://www.nndb.com/people/770/000025695/,The Country Girl,Grace Kelly
270,"Rome, Italy",7-Mar-08,White,Na,Straight,1956,Best Actress,http://www.nndb.com/people/806/000063617/,The Rose Tattoo,Anna Magnani
271,"Stockholm, Sweden",29-Aug-15,White,Na,Straight,1957,Best Actress,http://www.nndb.com/people/836/000024764/,Anastasia,Ingrid Bergman
272,"Thomasville, Ga",27-Feb-30,White,Na,Straight,1958,Best Actress,http://www.nndb.com/people/747/000043618/,The Three Faces of Eve,Joanne Woodward
273,"Thomasville, Ga",27-Feb-30,White,Na,Straight,1958,Best Actress,http://www.nndb.com/people/747/000043618/,The Three Faces of Eve,Joanne Woodward
274,"Wiesbaden, Germany",25-Mar-21,White,Na,Straight,1960,Best Actress,http://www.nndb.com/people/804/000063615/,Room at the Top,Simone Signoret
275,"London, England",27-Feb-32,White,Jewish,Straight,1961,Best Actress,http://www.nndb.com/people/624/000023555/,Butterfield 8,Elizabeth Taylor
276,"Pozzuoli, Italy",20-Sep-34,White,Roman Catholic,Straight,1962,Best Actress,http://www.nndb.com/people/811/000023742/,Two Women,Sophia Loren
277,"Bronx, Ny",17-Sep-31,White,Roman Catholic,Straight,1963,Best Actress,http://www.nndb.com/people/439/000023370/,The Miracle Worker,Anne Bancroft
278,"Packard, Ky",20-Jan-26,White,Roman Catholic,Straight,1964,Best Actress,http://www.nndb.com/people/226/000042100/,Hud,Patricia Neal
279,"Walton-on-Thames, Surrey, England",1-Oct-35,White,Na,Straight,1965,Best Actress,http://www.nndb.com/people/874/000023805/,Mary Poppins,Julie Andrews
280,"Chabua, Assam, India",14-Apr-41,White,Na,Straight,1966,Best Actress,http://www.nndb.com/people/801/000063612/,Darling,Julie Christie
281,"London, England",27-Feb-32,White,Jewish,Straight,1967,Best Actress,http://www.nndb.com/people/624/000023555/,Who's Afraid of Virginia Woolf?,Elizabeth Taylor
282,"London, England",27-Feb-32,White,Jewish,Straight,1967,Best Actress,http://www.nndb.com/people/624/000023555/,Who's Afraid of Virginia Woolf?,Elizabeth Taylor
283,"Hartford, Ct",12-May-07,White,Atheist,Bisexual,1968,Best Actress,http://www.nndb.com/people/775/000023706/,Guess Who's Coming to Dinner,Katharine Hepburn
284,"Brooklyn, Ny",24-Apr-42,White,Jewish,Straight,1969,Best Actress,http://www.nndb.com/people/526/000022460/,Funny Girl,Barbra Streisand
285,"Hartford, Ct",12-May-07,White,Atheist,Bisexual,1969,Best Actress,http://www.nndb.com/people/775/000023706/,The Lion in Winter,Katharine Hepburn
286,"Ilford, Essex, England",28-Dec-34,White,Na,Straight,1970,Best Actress,http://www.nndb.com/people/260/000030170/,The Prime of Miss Jean Brodie,Maggie Smith
287,"Ilford, Essex, England",28-Dec-34,White,Na,Straight,1970,Best Actress,http://www.nndb.com/people/260/000030170/,The Prime of Miss Jean Brodie,Maggie Smith
288,"Birkenhead, Cheshire, England",9-May-36,White,Na,Straight,1971,Best Actress,http://www.nndb.com/people/799/000063610/,Women in Love,Glenda Jackson
289,New York City,21-Dec-37,White,Born-Again Christian,Straight,1972,Best Actress,http://www.nndb.com/people/637/000022571/,Klute,Jane Fonda
290,"Los Angeles, Ca",12-Mar-46,White,Na,Na,1973,Best Actress,http://www.nndb.com/people/724/000024652/,Cabaret,Liza Minnelli
291,"Birkenhead, Cheshire, England",9-May-36,White,Na,Straight,1974,Best Actress,http://www.nndb.com/people/799/000063610/,A Touch of Class,Glenda Jackson
292,"Detroit, Mi",7-Dec-32,White,Sufism,Straight,1975,Best Actress,http://www.nndb.com/people/650/000023581/,Alice Doesn't Live Here Anymore,Ellen Burstyn
293,"Bascom, Fl",14-Jan-41,White,Roman Catholic,Straight,1977,Best Actress,http://www.nndb.com/people/884/000022818/,Network,Faye Dunaway
294,"Bascom, Fl",14-Jan-41,White,Roman Catholic,Straight,1977,Best Actress,http://www.nndb.com/people/884/000022818/,Network,Faye Dunaway
295,"Los Angeles, Ca",5-Jan-46,White,Atheist,Straight,1978,Best Actress,http://www.nndb.com/people/879/000022813/,Annie Hall,Diane Keaton
296,New York City,21-Dec-37,White,Born-Again Christian,Straight,1979,Best Actress,http://www.nndb.com/people/637/000022571/,Coming Home,Jane Fonda
297,"Pasadena, Ca",6-Nov-46,White,Na,Straight,1980,Best Actress,http://www.nndb.com/people/897/000022831/,Norma Rae,Sally Field
298,"Quitman, Tx",25-Dec-49,White,Na,Straight,1981,Best Actress,http://www.nndb.com/people/758/000023689/,Coal Miner's Daughter,Sissy Spacek
299,"Hartford, Ct",12-May-07,White,Atheist,Bisexual,1982,Best Actress,http://www.nndb.com/people/775/000023706/,On Golden Pond,Katharine Hepburn
300,"Summit, Nj",22-Jun-49,White,Na,Straight,1983,Best Actress,http://www.nndb.com/people/001/000024926/,Sophie's Choice,Meryl Streep
301,"Richmond, Va",24-Apr-34,White,Baptist,Straight,1984,Best Actress,http://www.nndb.com/people/799/000023730/,Terms of Endearment,Shirley MacLaine
302,"Pasadena, Ca",6-Nov-46,White,Na,Straight,1985,Best Actress,http://www.nndb.com/people/897/000022831/,Places in the Heart,Sally Field
303,"Kirksville, Mo",22-Nov-24,White,Na,Straight,1986,Best Actress,http://www.nndb.com/people/780/000043651/,The Trip to Bountiful,Geraldine Page
304,"Morton Grove, Il",24-Aug-65,White,Jewish,Straight,1987,Best Actress,http://www.nndb.com/people/870/000023801/,Children of a Lesser God,Marlee Matlin
305,"El Centro, Ca",20-May-46,White,Na,Bisexual,1988,Best Actress,http://www.nndb.com/people/688/000022622/,Moonstruck,Cher
306,"Los Angeles, Ca",19-Nov-62,White,Atheist,Lesbian,1989,Best Actress,http://www.nndb.com/people/756/000023687/,The Accused,Jodie Foster
307,"London, England",7-Jun-09,White,Na,Straight,1990,Best Actress,http://www.nndb.com/people/017/000023945/,Driving Miss Daisy,Jessica Tandy
308,"Memphis, Tn",28-Jun-48,White,Na,Straight,1991,Best Actress,http://www.nndb.com/people/907/000024835/,Misery,Kathy Bates
309,"Los Angeles, Ca",19-Nov-62,White,Atheist,Lesbian,1992,Best Actress,http://www.nndb.com/people/756/000023687/,The Silence of the Lambs,Jodie Foster
310,"London, England",15-Apr-59,White,Na,Straight,1993,Best Actress,http://www.nndb.com/people/627/000025552/,Howards End,Emma Thompson
311,"Conyers, Ga",20-Mar-58,White,Na,Straight,1994,Best Actress,http://www.nndb.com/people/566/000023497/,The Piano,Holly Hunter
312,"Cloquet, Mn",20-Apr-49,White,Na,Straight,1995,Best Actress,http://www.nndb.com/people/004/000022935/,Blue Sky,Jessica Lange
313,"Queens, Ny",4-Oct-46,White,Roman Catholic,Straight,1996,Best Actress,http://www.nndb.com/people/762/000024690/,Dead Man Walking,Susan Sarandon
314,"Chicago, Il",23-Jun-57,White,Disciples of Christ,Straight,1997,Best Actress,http://www.nndb.com/people/517/000025442/,Fargo,Frances McDormand
315,"Los Angeles, Ca",27-Sep-72,White,Jewish,Straight,1999,Best Actress,http://www.nndb.com/people/592/000023523/,Shakespeare in Love,Gwyneth Paltrow
316,"Los Angeles, Ca",27-Sep-72,White,Jewish,Straight,1999,Best Actress,http://www.nndb.com/people/592/000023523/,Shakespeare in Love,Gwyneth Paltrow
317,"Lincoln, Ne",30-Jul-74,White,Na,Straight,2000,Best Actress,http://www.nndb.com/people/333/000026255/,Boys Don't Cry,Hilary Swank
318,"Smyrna, Ga",28-Oct-67,White,Hindu,Straight,2001,Best Actress,http://www.nndb.com/people/592/000022526/,Erin Brockovich,Julia Roberts
319,"Cleveland, Oh",14-Aug-66,Multiracial,Na,Straight,2002,Best Actress,http://www.nndb.com/people/487/000023418/,Monster's Ball,Halle Berry
320,"Honolulu, Hi",20-Jun-67,White,Roman Catholic,Straight,2003,Best Actress,http://www.nndb.com/people/917/000022851/,The Hours,Nicole Kidman
321,"Benoni, South Africa",7-Aug-75,White,Na,Straight,2004,Best Actress,http://www.nndb.com/people/146/000026068/,Monster,Charlize Theron
322,"Lincoln, Ne",30-Jul-74,White,Na,Straight,2005,Best Actress,http://www.nndb.com/people/333/000026255/,Million Dollar Baby,Hilary Swank
323,"Lincoln, Ne",30-Jul-74,White,Na,Straight,2005,Best Actress,http://www.nndb.com/people/333/000026255/,Million Dollar Baby,Hilary Swank
324,"Lincoln, Ne",30-Jul-74,White,Na,Straight,2005,Best Actress,http://www.nndb.com/people/333/000026255/,Million Dollar Baby,Hilary Swank
325,"New Orleans, La",22-Mar-76,White,Na,Straight,2006,Best Actress,http://www.nndb.com/people/813/000022747/,Walk the Line,Reese Witherspoon
326,"Chiswick, London, England",26-Jul-45,White,Na,Straight,2007,Best Actress,http://www.nndb.com/people/907/000044775/,The Queen,Helen Mirren
327,"Reading, England",5-Oct-75,White,Na,Straight,2009,Best Actress,http://www.nndb.com/people/582/000023513/,The Reader,Kate Winslet
328,"Arlington, Va",26-Jul-64,White,Na,Straight,2010,Best Actress,http://www.nndb.com/people/601/000023532/,The Blind Side,Sandra Bullock
329,"Jerusalem, Israel",9-Jun-81,White,Jewish,Straight,2011,Best Actress,http://www.nndb.com/people/040/000022971/,Black Swan,Natalie Portman
330,"Summit, Nj",22-Jun-49,White,Na,Straight,2012,Best Actress,http://www.nndb.com/people/001/000024926/,The Iron Lady,Meryl Streep
331,"Louisville, Ky",15-Aug-90,White,Na,Na,2013,Best Actress,http://www.nndb.com/people/597/000272778/,Silver Linings Playbook,Jennifer Lawrence
332,"Melbourne, Victoria, Australia",14-May-69,White,Na,Straight,2014,Best Actress,http://www.nndb.com/people/222/000026144/,Blue Jasmine,Cate Blanchett
333,"Litchfield, Mn",15-Feb-1899,White,Na,Straight,1937,Best Supporting Actress,http://www.nndb.com/people/062/000063870/,Anthony Adverse,Gale Sondergaard
334,New York City,2-Nov-1892,White,Na,Straight,1938,Best Supporting Actress,http://www.nndb.com/people/079/000063887/,In Old Chicago,Alice Brady
335,"Los Angeles, Ca",7-Dec-1891,White,Na,Straight,1939,Best Supporting Actress,http://www.nndb.com/people/074/000063882/,Jezebel,Fay Bainter
336,"Wichita, Ks",10-Jun-1893,Black,Christian,Matter of Dispute,1940,Best Supporting Actress,http://www.nndb.com/people/077/000063885/,Gone with the Wind,Hattie McDaniel
337,"Palmyra, Mo",15-Oct-1879,White,Na,Straight,1941,Best Supporting Actress,http://www.nndb.com/people/078/000063886/,The Grapes of Wrath,Jane Darwell
338,"Quincy, Il",3-May-06,White,Roman Catholic,Straight,1942,Best Supporting Actress,http://www.nndb.com/people/690/000042564/,The Great Lie,Mary Astor
339,"Quincy, Il",3-May-06,White,Roman Catholic,Straight,1942,Best Supporting Actress,http://www.nndb.com/people/690/000042564/,The Great Lie,Mary Astor
340,New York City,27-Oct-18,White,Na,Straight,1943,Best Supporting Actress,http://www.nndb.com/people/580/000045445/,Mrs. Miniver,Teresa Wright
341,"Athens, Greece",17-Dec-00,White,Na,Straight,1944,Best Supporting Actress,http://www.nndb.com/people/080/000063888/,For Whom the Bell Tolls,Katina Paxinou
342,"Philadelphia, Pa",15-Aug-1879,White,Roman Catholic,Straight,1945,Best Supporting Actress,http://www.nndb.com/people/743/000043614/,None but the Lonely Heart,Ethel Barrymore
343,New York City,25-Jun-03,White,Na,Straight,1946,Best Supporting Actress,http://www.nndb.com/people/081/000063889/,National Velvet,Anne Revere
344,New York City,25-Jun-03,White,Na,Straight,1946,Best Supporting Actress,http://www.nndb.com/people/081/000063889/,National Velvet,Anne Revere
345,"Michigan City, In",7-May-23,White,Na,Straight,1947,Best Supporting Actress,http://www.nndb.com/people/458/000026380/,The Razor's Edge,Anne Baxter
346,New York City,29-Apr-17,White,Na,Straight,1948,Best Supporting Actress,http://www.nndb.com/people/084/000063892/,Gentleman's Agreement,Celeste Holm
347,New York City,8-Mar-10,White,Na,Straight,1949,Best Supporting Actress,http://www.nndb.com/people/085/000063893/,Key Largo,Claire Trevor
348,"Joliet, Il",17-Mar-16,White,Roman Catholic,Straight,1950,Best Supporting Actress,http://www.nndb.com/people/086/000063894/,All the King's Men,Mercedes McCambridge
349,"Newtonville, Ma",3-Jan-1886,White,Na,Straight,1951,Best Supporting Actress,http://www.nndb.com/people/087/000063895/,Harvey,Josephine Hull
350,"Detroit, Mi",12-Nov-22,White,Na,Straight,1952,Best Supporting Actress,http://www.nndb.com/people/501/000051348/,A Streetcar Named Desire,Kim Hunter
351,"Los Angeles, Ca",28-Nov-23,White,Na,Straight,1953,Best Supporting Actress,http://www.nndb.com/people/088/000063896/,The Bad and the Beautiful,Gloria Grahame
352,"Denison, Ia",27-Jan-21,White,Na,Straight,1954,Best Supporting Actress,http://www.nndb.com/people/702/000031609/,From Here to Eternity,Donna Reed
353,"Newark, Nj",4-Jul-24,White,Na,Straight,1955,Best Supporting Actress,http://www.nndb.com/people/980/000022914/,On the Waterfront,Eva Marie Saint
354,"Oakland, Ca",30-Dec-14,White,Na,Straight,1956,Best Supporting Actress,http://www.nndb.com/people/089/000063897/,East of Eden,Jo Van Fleet
355,"Chicago, Il",30-Jan-25,White,Na,Straight,1957,Best Supporting Actress,http://www.nndb.com/people/090/000063898/,Written on the Wind,Dorothy Malone
356,"Otaro, Hokkaido, Japan",3-Apr-29,Asian,Na,Straight,1958,Best Supporting Actress,http://www.nndb.com/people/091/000063899/,Sayonara,Miyoshi Umeki
357,"Bramhall, Cheshire, England",15-Aug-12,White,Na,Straight,1959,Best Supporting Actress,http://www.nndb.com/people/056/000063864/,Separate Tables,Wendy Hiller
358,"St. Louis, Mo",18-Aug-20,White,Jewish,Straight,1960,Best Supporting Actress,http://www.nndb.com/people/859/000022793/,The Diary of Anne Frank,Shelley Winters
359,"Charleroi, Pa",31-Mar-34,White,Methodist,Straight,1961,Best Supporting Actress,http://www.nndb.com/people/795/000023726/,Elmer Gantry,Shirley Jones
360,"Humacao, Puerto Rico",11-Dec-31,Hispanic,Na,Straight,1962,Best Supporting Actress,http://www.nndb.com/people/463/000023394/,West Side Story,Rita Moreno
361,"Elmhurst, Ny",14-Dec-46,White,Roman Catholic,Straight,1963,Best Supporting Actress,http://www.nndb.com/people/775/000022709/,The Miracle Worker,Patty Duke
362,"St. Petersburg, Russia",9-Oct-18,White,Na,Straight,1965,Best Supporting Actress,http://www.nndb.com/people/049/000063857/,Zorba the Greek,Lila Kedrova
363,"St. Louis, Mo",18-Aug-20,White,Jewish,Straight,1966,Best Supporting Actress,http://www.nndb.com/people/859/000022793/,A Patch of Blue,Shelley Winters
364,"Hastings, Ne",27-Apr-37,White,Na,Bisexual,1967,Best Supporting Actress,http://www.nndb.com/people/961/000063772/,Who's Afraid of Virginia Woolf?,Sandy Dennis
365,"Marblehead, Ma",20-Nov-27,White,Na,Straight,1968,Best Supporting Actress,http://www.nndb.com/people/475/000032379/,Bonnie and Clyde,Estelle Parsons
366,"Quincy, Ma",30-Oct-1896,White,Na,Straight,1969,Best Supporting Actress,http://www.nndb.com/people/818/000043689/,Rosemary's Baby,Ruth Gordon
367,"Silver Spring, Md",21-Nov-45,White,Buddhist,Straight,1970,Best Supporting Actress,http://www.nndb.com/people/996/000022930/,Cactus Flower,Goldie Hawn
368,"Washington, Dc",10-Oct-00,White,Na,Straight,1971,Best Supporting Actress,http://www.nndb.com/people/908/000031815/,Airport,Helen Hayes
369,"Des Moines, Ia",30-Apr-26,White,Na,Straight,1972,Best Supporting Actress,http://www.nndb.com/people/177/000023108/,The Last Picture Show,Cloris Leachman
370,"Columbus, Oh",29-Mar-19,White,Na,Straight,1973,Best Supporting Actress,http://www.nndb.com/people/828/000063639/,Butterflies Are Free,Eileen Heckart
371,"Los Angeles, Ca",5-Nov-63,White,Na,Straight,1974,Best Supporting Actress,http://www.nndb.com/people/104/000024032/,Paper Moon,Tatum O'Neal
372,"Stockholm, Sweden",29-Aug-15,White,Na,Straight,1975,Best Supporting Actress,http://www.nndb.com/people/836/000024764/,Murder on the Orient Express,Ingrid Bergman
373,New York City,31-Oct-27,White,Jewish,Straight,1976,Best Supporting Actress,http://www.nndb.com/people/409/000032313/,Shampoo,Lee Grant
374,New York City,31-Oct-27,White,Jewish,Straight,1976,Best Supporting Actress,http://www.nndb.com/people/409/000032313/,Shampoo,Lee Grant
375,"Old Westbury, Ny",2-Aug-14,White,Na,Straight,1977,Best Supporting Actress,http://www.nndb.com/people/817/000063628/,Network,Beatrice Straight
376,"London, England",30-Jan-37,White,Na,Straight,1978,Best Supporting Actress,http://www.nndb.com/people/590/000023521/,Julia,Vanessa Redgrave
377,"Ilford, Essex, England",28-Dec-34,White,Na,Straight,1979,Best Supporting Actress,http://www.nndb.com/people/260/000030170/,California Suite,Maggie Smith
378,"Summit, Nj",22-Jun-49,White,Na,Straight,1980,Best Supporting Actress,http://www.nndb.com/people/001/000024926/,Kramer vs. Kramer,Meryl Streep
379,"Newport, Ar",8-Feb-53,White,Na,Straight,1981,Best Supporting Actress,http://www.nndb.com/people/271/000025196/,Melvin and Howard,Mary Steenburgen
380,"Troy, Ny",21-Jun-25,White,Roman Catholic,Straight,1982,Best Supporting Actress,http://www.nndb.com/people/376/000032280/,Reds,Maureen Stapleton
381,"Cloquet, Mn",20-Apr-49,White,Na,Straight,1983,Best Supporting Actress,http://www.nndb.com/people/004/000022935/,Tootsie,Jessica Lange
382,"Morristown, Nj",2-Apr-45,White,Na,Na,1984,Best Supporting Actress,http://www.nndb.com/people/671/000024599/,The Year of Living Dangerously,Linda Hunt
383,"Croydon, Surrey, England",22-Dec-07,White,Agnostic,Straight,1985,Best Supporting Actress,http://www.nndb.com/people/816/000063627/,A Passage to India,Peggy Ashcroft
384,"Santa Monica, Ca",8-Jul-51,White,Na,Straight,1986,Best Supporting Actress,http://www.nndb.com/people/128/000025053/,Prizzi's Honor,Anjelica Huston
385,"Kansas City, Mo",28-Mar-48,White,Na,Straight,1987,Best Supporting Actress,http://www.nndb.com/people/894/000024822/,Hannah and Her Sisters,Dianne Wiest
386,"Lowell, Ma",20-Jun-31,White,Na,Straight,1988,Best Supporting Actress,http://www.nndb.com/people/430/000023361/,Moonstruck,Olympia Dukakis
387,"Wareham, Ma",21-Jan-56,White,Congregationalist,Straight,1989,Best Supporting Actress,http://www.nndb.com/people/883/000022817/,The Accidental Tourist,Geena Davis
388,"Dublin, Ireland",17-Feb-45,White,Na,Straight,1990,Best Supporting Actress,http://www.nndb.com/people/815/000063626/,My Left Foot,Brenda Fricker
389,New York City,13-Nov-55,Black,Atheist,Straight,1991,Best Supporting Actress,http://www.nndb.com/people/242/000025167/,Ghost,Whoopi Goldberg
390,"Queens, Ny",28-Feb-48,Hispanic,Roman Catholic,Straight,1992,Best Supporting Actress,http://www.nndb.com/people/890/000024818/,The Fisher King,Mercedes Ruehl
391,"Brooklyn, Ny",4-Dec-64,White,Na,Straight,1993,Best Supporting Actress,http://www.nndb.com/people/985/000025910/,My Cousin Vinny,Marisa Tomei
392,"Winnipeg, Manitoba, Canada",24-Jul-82,White,Na,Bisexual,1994,Best Supporting Actress,http://www.nndb.com/people/763/000025688/,The Piano,Anna Paquin
393,"Tenafly, Nj",28-Sep-67,White,Atheist,Straight,1996,Best Supporting Actress,http://www.nndb.com/people/890/000025815/,Mighty Aphrodite,Mira Sorvino
394,"Paris, France",9-Mar-64,White,Na,Straight,1997,Best Supporting Actress,http://www.nndb.com/people/970/000025895/,The English Patient,Juliette Binoche
395,"Athens, Ga",8-Dec-53,White,Na,Straight,1998,Best Supporting Actress,http://www.nndb.com/people/310/000025235/,L.A. Confidential,Kim Basinger
396,"York, North Yorkshire, England",9-Dec-34,White,Quaker,Straight,1999,Best Supporting Actress,http://www.nndb.com/people/824/000023755/,Shakespeare in Love,Judi Dench
397,"Los Angeles, Ca",4-Jun-75,White,Buddhist,Bisexual,2000,Best Supporting Actress,http://www.nndb.com/people/493/000023424/,"Girl, Interrupted",Angelina Jolie
398,"Los Angeles, Ca",4-Jun-75,White,Buddhist,Bisexual,2000,Best Supporting Actress,http://www.nndb.com/people/493/000023424/,"Girl, Interrupted",Angelina Jolie
399,"La Jolla, Ca",14-Aug-59,White,Na,Straight,2001,Best Supporting Actress,http://www.nndb.com/people/641/000025566/,Pollock,Marcia Gay Harden
400,"La Jolla, Ca",14-Aug-59,White,Na,Straight,2001,Best Supporting Actress,http://www.nndb.com/people/641/000025566/,Pollock,Marcia Gay Harden
401,"Catskill Mountains, Ny",12-Dec-70,White,Jewish,Straight,2002,Best Supporting Actress,http://www.nndb.com/people/240/000026162/,A Beautiful Mind,Jennifer Connelly
402,"Mumbles, Wales",25-Sep-69,White,Roman Catholic,Straight,2003,Best Supporting Actress,http://www.nndb.com/people/516/000023447/,Chicago,Catherine Zeta-Jones
403,"Melbourne, Victoria, Australia",14-May-69,White,Na,Straight,2005,Best Supporting Actress,http://www.nndb.com/people/222/000026144/,The Aviator,Cate Blanchett
404,"London, England",7-Mar-71,White,Jewish,Straight,2006,Best Supporting Actress,http://www.nndb.com/people/309/000032213/,The Constant Gardener,Rachel Weisz
405,"London, England",7-Mar-71,White,Jewish,Straight,2006,Best Supporting Actress,http://www.nndb.com/people/309/000032213/,The Constant Gardener,Rachel Weisz
406,"Chicago, Il",12-Sep-81,Black,Baptist,Straight,2007,Best Supporting Actress,http://www.nndb.com/people/434/000129047/,Dreamgirls,Jennifer Hudson
407,"London, England",5-Nov-60,White,Na,Straight,2007,Best Supporting Actress,http://www.nndb.com/people/178/000108851/,Michael Clayton,Tilda Swinton
408,New York City,14-Sep-60,White,Na,Straight,2011,Best Supporting Actress,http://www.nndb.com/people/327/000042201/,The Fighter,Melissa Leo
409,"Montgomery, Al",25-May-72,Black,Na,Na,2012,Best Supporting Actress,http://www.nndb.com/people/304/000281458/,The Help,Octavia Spencer
410,"Mexico City, Mexico",1-Mar-83,Black,Na,Na,2014,Best Supporting Actress,http://www.nndb.com/people/570/000380427/,12 Years a Slave,Lupita Nyong'o
