Movie Name,Year,Status,Golden Globe Award,GG Award ID
Barbie,2024,Winner,Cinematic and Box Office Achievement,GG001
"Justine Triet, Arthur Harari",2024,Winner,Best Screenplay - Motion Picture,GG002
Christopher Nolan,2024,Winner,Best Director - Motion Picture,GG003
Anatomy of a Fall,2024,Winner,Best Motion Picture – Non-English Language,GG004
Emma Stone,2024,Winner,Best Performance by a Female Actor in a Motion Picture – Musical or Comedy,GG005
Poor Things,2024,Winner,Best Motion Picture - Musical or Comedy,GG006
Lily Gladstone,2024,Winner,Best Performance by a Female Actor in a Motion Picture – Drama,GG007
What Was I Made For?,2024,Winner,Best Original Song - Motion Picture,GG008
Ludwig Göransson,2024,Winner,Best Original Score - Motion Picture,GG009
Oppenheimer,2024,Winner,Best Motion Picture - Drama,GG010
"Fabelmans, The",2023,Winner,Best Motion Picture - Drama,GG010
Cate Blanchett,2023,Winner,Best Performance by an Actress in a Motion Picture - Drama,GG011
Austin Butler,2023,Winner,Best Performance by an Actor in a Motion Picture - Drama,GG012
"Banshees of Inisherin, The",2023,Winner,Best Motion Picture - Musical or Comedy,GG006
Michelle Yeoh,2023,Winner,Best Performance by an Actress in a Motion Picture - Musical or Comedy,GG013
"Argentina, 1985",2023,Winner,Best Motion Picture – Non-English Language,GG004
Angela Bassett,2023,Winner,Best Performance by an Actress in a Supporting Role in any Motion Picture,GG014
Ke Huy Quan,2023,Winner,Best Performance by an Actor in a Supporting Role in any Motion Picture,GG015
Steven Spielberg,2023,Winner,Best Director - Motion Picture,GG003
Martin McDonagh,2023,Winner,Best Screenplay - Motion Picture,GG002
Justin Hurwitz,2023,Winner,Best Original Score - Motion Picture,GG009
"Power of the Dog, The",2022,Winner,Best Motion Picture - Drama,GG010
Nicole Kidman,2022,Winner,Best Performance by an Actress in a Motion Picture - Drama,GG011
Will Smith,2022,Winner,Best Performance by an Actor in a Motion Picture - Drama,GG012
West Side Story (2021),2022,Winner,Best Motion Picture - Musical or Comedy,GG006
Drive My Car,2022,Winner,Best Motion Picture – Non-English Language,GG004
Ariana DeBose,2022,Winner,Best Performance by an Actress in a Supporting Role in any Motion Picture,GG014
Kodi Smit-McPhee,2022,Winner,Best Performance by an Actor in a Supporting Role in any Motion Picture,GG015
Jane Campion,2022,Winner,Best Director - Motion Picture,GG003
Kenneth Branagh,2022,Winner,Best Screenplay - Motion Picture,GG002
Hans Zimmer,2022,Winner,Best Original Score - Motion Picture,GG009
No Time To Die,2022,Winner,Best Original Song - Motion Picture,GG008
Nomadland,2021,Winner,Best Motion Picture - Drama,GG010
Andra Day,2021,Winner,Best Performance by an Actress in a Motion Picture - Drama,GG011
Chadwick Boseman,2021,Winner,Best Performance by an Actor in a Motion Picture - Drama,GG012
Borat Subsequent Moviefilm,2021,Winner,Best Motion Picture - Musical or Comedy,GG006
Rosamund Pike,2021,Winner,Best Performance by an Actress in a Motion Picture - Musical or Comedy,GG013
Sacha Baron Cohen,2021,Winner,Best Performance by an Actor in a Motion Picture - Musical or Comedy,GG016
Soul,2021,Winner,Best Motion Picture - Animated,GG017
Minari,2021,Winner,Best Motion Picture – Non-English Language,GG004
Jodie Foster,2021,Winner,Best Performance by an Actress in a Supporting Role in any Motion Picture,GG014
Daniel Kaluuya,2021,Winner,Best Performance by an Actor in a Supporting Role in any Motion Picture,GG015
Chloé Zhao,2021,Winner,Best Director - Motion Picture,GG003
Aaron Sorkin,2021,Winner,Best Screenplay - Motion Picture,GG002
"Trent Reznor, Atticus Ross, Jon Batiste",2021,Winner,Best Original Score - Motion Picture,GG009
1917,2020,Winner,Best Motion Picture - Drama,GG010
Renée Zellweger,2020,Winner,Best Performance by an Actress in a Motion Picture - Drama,GG011
Joaquin Phoenix,2020,Winner,Best Performance by an Actor in a Motion Picture - Drama,GG012
Once Upon a Time...in Hollywood,2020,Winner,Best Motion Picture - Musical or Comedy,GG006
Awkwafina .,2020,Winner,Best Performance by an Actress in a Motion Picture - Musical or Comedy,GG013
Taron Egerton,2020,Winner,Best Performance by an Actor in a Motion Picture - Musical or Comedy,GG016
Missing Link,2020,Winner,Best Motion Picture - Animated,GG017
Parasite,2020,Winner,Best Motion Picture – Non-English Language,GG004
Laura Dern,2020,Winner,Best Performance by an Actress in a Supporting Role in any Motion Picture,GG014
Brad Pitt,2020,Winner,Best Performance by an Actor in a Supporting Role in any Motion Picture,GG015
Sam Mendes,2020,Winner,Best Director - Motion Picture,GG003
Quentin Tarantino,2020,Winner,Best Screenplay - Motion Picture,GG002
Hildur Guðnadóttir,2020,Winner,Best Original Score - Motion Picture,GG009
I'm Gonna Love Me Again,2020,Winner,Best Original Song - Motion Picture,GG008
Bohemian Rhapsody,2019,Winner,Best Motion Picture - Drama,GG010
Green Book,2019,Winner,Best Motion Picture - Musical or Comedy,GG006
Spider-Man: Into the Spider-Verse,2019,Winner,Best Motion Picture - Animated,GG017
Roma,2019,Winner,Best Motion Picture – Non-English Language,GG004
Glenn Close,2019,Winner,Best Performance by an Actress in a Motion Picture - Drama,GG011
Olivia Colman,2019,Winner,Best Performance by an Actress in a Motion Picture - Musical or Comedy,GG013
Christian Bale,2019,Winner,Best Performance by an Actor in a Motion Picture - Musical or Comedy,GG016
Regina King,2019,Winner,Best Performance by an Actress in a Supporting Role in any Motion Picture,GG014
Mahershala Ali,2019,Winner,Best Performance by an Actor in a Supporting Role in any Motion Picture,GG015
Alfonso Cuarón,2019,Winner,Best Director - Motion Picture,GG003
"Nick Vallelonga, Brian Currie, Peter Farrelly",2019,Winner,Best Screenplay - Motion Picture,GG002
"Three Billboards Outside Ebbing, Missouri",2018,Winner,Best Motion Picture - Drama,GG010
Frances McDormand,2018,Winner,Best Performance by an Actress in a Motion Picture - Drama,GG011
Gary Oldman,2018,Winner,Best Performance by an Actor in a Motion Picture - Drama,GG012
Saoirse Ronan,2018,Winner,Best Performance by an Actress in a Motion Picture - Musical or Comedy,GG013
James Franco,2018,Winner,Best Performance by an Actor in a Motion Picture - Musical or Comedy,GG016
Allison Janney,2018,Winner,Best Performance by an Actress in a Supporting Role in any Motion Picture,GG014
Sam Rockwell,2018,Winner,Best Performance by an Actor in a Supporting Role in any Motion Picture,GG015
Guillermo Del Toro,2018,Winner,Best Director - Motion Picture,GG003
"""This Is Me""",2018,Winner,Best Original Song - Motion Picture,GG008
Damien Chazelle,2017,Winner,Best Director - Motion Picture,GG003
Moonlight,2017,Winner,Best Motion Picture - Drama,GG010
Elle,2017,Winner,Best Motion Picture – Non-English Language,GG004
La La Land,2017,Winner,Best Motion Picture - Musical or Comedy,GG006
"""City of Stars""",2017,Winner,Best Original Song - Motion Picture,GG008
Casey Affleck,2017,Winner,Best Performance by an Actor in a Motion Picture - Drama,GG012
Ryan Gosling,2017,Winner,Best Performance by an Actor in a Motion Picture - Musical or Comedy,GG016
Isabelle Huppert,2017,Winner,Best Performance by an Actress in a Motion Picture - Drama,GG011
Emma Stone,2017,Winner,Best Performance by an Actress in a Motion Picture - Musical or Comedy,GG013
Viola Davis,2017,Winner,Best Performance by an Actress in a Supporting Role in any Motion Picture,GG014
Damien Chazelle,2017,Winner,Best Screenplay - Motion Picture,GG002
Alejandro González Iñárritu,2016,Winner,Best Director - Motion Picture,GG003
Inside Out,2016,Winner,Best Motion Picture - Animated,GG017
The Revenant,2016,Winner,Best Motion Picture - Drama,GG010
Son of Saul,2016,Winner,Best Motion Picture – Non-English Language,GG004
The Martian,2016,Winner,Best Motion Picture - Musical or Comedy,GG006
Ennio Morricone,2016,Winner,Best Original Score - Motion Picture,GG009
"""Writing's On The Wall""",2016,Winner,Best Original Song - Motion Picture,GG008
Leonardo DiCaprio,2016,Winner,Best Performance by an Actor in a Motion Picture - Drama,GG012
Matt Damon,2016,Winner,Best Performance by an Actor in a Motion Picture - Musical or Comedy,GG016
Sylvester Stallone,2016,Winner,Best Performance by an Actor in a Supporting Role in any Motion Picture,GG015
Brie Larson,2016,Winner,Best Performance by an Actress in a Motion Picture - Drama,GG011
Jennifer Lawrence,2016,Winner,Best Performance by an Actress in a Motion Picture - Musical or Comedy,GG013
Eddie Redmayne,2015,Winner,Best Performance by an Actor in a Motion Picture - Drama,GG012
Jóhann Jóhannsson,2015,Winner,Best Original Score - Motion Picture,GG009
Patricia Arquette,2015,Winner,Best Performance by an Actress in a Supporting Role in any Motion Picture,GG014
Richard Linklater,2015,Winner,Best Director - Motion Picture,GG003
Michael Keaton,2015,Winner,Best Performance by an Actor in a Motion Picture - Musical or Comedy,GG016
Amy Adams,2015,Winner,Best Performance by an Actress in a Motion Picture - Musical or Comedy,GG013
Julianne Moore,2015,Winner,Best Performance by an Actress in a Motion Picture - Drama,GG011
J.K. Simmons,2015,Winner,Best Performance by an Actor in a Supporting Role in any Motion Picture,GG015
"Grand Budapest Hotel, The",2015,Winner,Best Motion Picture - Musical or Comedy,GG006
How to Train Your Dragon 2,2015,Winner,Best Motion Picture - Animated,GG017
Leviathan,2015,Winner,Best Motion Picture – Non-English Language,GG004
"""Glory""",2015,Winner,Best Original Song - Motion Picture,GG008
Boyhood,2015,Winner,Best Motion Picture - Drama,GG010
Jennifer Lawrence,2014,Winner,Best Performance by an Actress in a Supporting Role in any Motion Picture,GG014
Spike Jonze,2014,Winner,Best Screenplay - Motion Picture,GG002
Alex Ebert,2014,Winner,Best Original Score - Motion Picture,GG009
Matthew McConaughey,2014,Winner,Best Performance by an Actor in a Motion Picture - Drama,GG012
Jared Leto,2014,Winner,Best Performance by an Actor in a Supporting Role in any Motion Picture,GG015
Leonardo DiCaprio,2014,Winner,Best Performance by an Actor in a Motion Picture - Musical or Comedy,GG016
American Hustle,2014,Winner,Best Motion Picture - Musical or Comedy,GG006
Frozen,2014,Winner,Best Motion Picture - Animated,GG017
The Great Beauty,2014,Winner,Best Motion Picture – Non-English Language,GG004
Christoph Waltz,2013,Winner,Best Performance by an Actor in a Supporting Role in any Motion Picture,GG015
Mychael Danna,2013,Winner,Best Original Score - Motion Picture,GG009
Daniel Day-Lewis,2013,Winner,Best Performance by an Actor in a Motion Picture - Drama,GG012
Jessica Chastain,2013,Winner,Best Performance by an Actress in a Motion Picture - Drama,GG011
Hugh Jackman,2013,Winner,Best Performance by an Actor in a Motion Picture - Musical or Comedy,GG016
Anne Hathaway,2013,Winner,Best Performance by an Actress in a Supporting Role in any Motion Picture,GG014
Amour,2013,Winner,Best Motion Picture – Non-English Language,GG004
Argo,2013,Winner,Best Motion Picture - Drama,GG010
"""Skyfall""",2013,Winner,Best Original Song - Motion Picture,GG008
Meryl Streep,2012,Winner,Best Performance by an Actress in a Motion Picture - Drama,GG011
George Clooney,2012,Winner,Best Performance by an Actor in a Motion Picture - Drama,GG012
Michelle Williams,2012,Winner,Best Performance by an Actress in a Motion Picture - Musical or Comedy,GG013
Jean Dujardin,2012,Winner,Best Performance by an Actor in a Motion Picture - Musical or Comedy,GG016
A Separation,2012,Winner,Best Motion Picture – Non-English Language,GG004
Octavia Spencer,2012,Winner,Best Performance by an Actress in a Supporting Role in any Motion Picture,GG014
Christopher Plummer,2012,Winner,Best Performance by an Actor in a Supporting Role in any Motion Picture,GG015
Martin Scorsese,2012,Winner,Best Director - Motion Picture,GG003
Ludovic Bource,2012,Winner,Best Original Score - Motion Picture,GG009
"""Masterpiece""",2012,Winner,Best Original Song - Motion Picture,GG008
"Descendants, The",2012,Winner,Best Motion Picture - Drama,GG010
The Artist,2012,Winner,Best Motion Picture - Musical or Comedy,GG006
Natalie Portman,2011,Winner,Best Performance by an Actress in a Motion Picture - Drama,GG011
Colin Firth,2011,Winner,Best Performance by an Actor in a Motion Picture - Drama,GG012
Annette Bening,2011,Winner,Best Performance by an Actress in a Motion Picture - Musical or Comedy,GG013
Paul Giamatti,2011,Winner,Best Performance by an Actor in a Motion Picture - Musical or Comedy,GG016
In A Better World,2011,Winner,Best Motion Picture – Non-English Language,GG004
Melissa Leo,2011,Winner,Best Performance by an Actress in a Supporting Role in any Motion Picture,GG014
Christian Bale,2011,Winner,Best Performance by an Actor in a Supporting Role in any Motion Picture,GG015
"Trent Reznor, Atticus Ross",2011,Winner,Best Original Score - Motion Picture,GG009
The Social Network,2011,Winner,Best Motion Picture - Drama,GG010
"Kids Are All Right, The",2011,Winner,Best Motion Picture - Musical or Comedy,GG006
Toy Story 3,2011,Winner,Best Motion Picture - Animated,GG017
Sandra Bullock,2010,Winner,Best Performance by an Actress in a Motion Picture - Drama,GG011
Jeff Bridges,2010,Winner,Best Performance by an Actor in a Motion Picture - Drama,GG012
The White Ribbon (Das weiße Band - Eine Deutsche Kindergeschichte),2010,Winner,Best Motion Picture – Non-English Language,GG004
James Cameron,2010,Winner,Best Director - Motion Picture,GG003
Michael Giacchino,2010,Winner,Best Original Score - Motion Picture,GG009
"""The Weary Kind (Theme From Crazy Heart)""",2010,Winner,Best Original Song - Motion Picture,GG008
Avatar,2010,Winner,Best Motion Picture - Drama,GG010
"Hangover, The",2010,Winner,Best Motion Picture - Musical or Comedy,GG006
Kate Winslet,2009,Winner,Best Performance by an Actress in a Motion Picture - Drama,GG011
Mickey Rourke,2009,Winner,Best Performance by an Actor in a Motion Picture - Drama,GG012
Sally Hawkins,2009,Winner,Best Performance by an Actress in a Motion Picture - Musical or Comedy,GG013
Colin Farrell,2009,Winner,Best Performance by an Actor in a Motion Picture - Musical or Comedy,GG016
Waltz with Bashir,2009,Winner,Best Motion Picture – Non-English Language,GG004
Kate Winslet,2009,Winner,Best Performance by an Actress in a Supporting Role in any Motion Picture,GG014
Heath Ledger,2009,Winner,Best Performance by an Actor in a Supporting Role in any Motion Picture,GG015
Danny Boyle,2009,Winner,Best Director - Motion Picture,GG003
A. R. Rahman,2009,Winner,Best Original Score - Motion Picture,GG009
Slumdog Millionaire,2009,Winner,Best Motion Picture - Drama,GG010
Vicky Cristina Barcelona,2009,Winner,Best Motion Picture - Musical or Comedy,GG006
Wall-E,2009,Winner,Best Motion Picture - Animated,GG017
Simon Beaufoy,2009,Winner,Best Screenplay - Motion Picture,GG002
Julie Christie,2008,Winner,Best Performance by an Actress in a Motion Picture - Drama,GG011
Marion Cotillard,2008,Winner,Best Performance by an Actress in a Motion Picture - Musical or Comedy,GG013
Johnny Depp,2008,Winner,Best Performance by an Actor in a Motion Picture - Musical or Comedy,GG016
Javier Bardem,2008,Winner,Best Performance by an Actor in a Supporting Role in any Motion Picture,GG015
The Diving Bell and the Butterfly,2008,Winner,Best Motion Picture – Non-English Language,GG004
Cate Blanchett,2008,Winner,Best Performance by an Actress in a Supporting Role in any Motion Picture,GG014
Julian Schnabel,2008,Winner,Best Director - Motion Picture,GG003
Dario Marianelli,2008,Winner,Best Original Score - Motion Picture,GG009
Sweeney Todd: The Demon Barber of Fleet Street,2008,Winner,Best Motion Picture - Musical or Comedy,GG006
Ratatouille,2008,Winner,Best Motion Picture - Animated,GG017
"Joel Coen, Ethan Coen",2008,Winner,Best Screenplay - Motion Picture,GG002
Helen Mirren,2007,Winner,Best Performance by an Actress in a Motion Picture - Drama,GG011
Forest Whitaker,2007,Winner,Best Performance by an Actor in a Motion Picture - Drama,GG012
Meryl Streep,2007,Winner,Best Performance by an Actress in a Motion Picture - Musical or Comedy,GG013
Letters from Iwo Jima,2007,Winner,Best Motion Picture – Non-English Language,GG004
Jennifer Hudson,2007,Winner,Best Performance by an Actress in a Supporting Role in any Motion Picture,GG014
Eddie Murphy,2007,Winner,Best Performance by an Actor in a Supporting Role in any Motion Picture,GG015
Alexandre Desplat,2007,Winner,Best Original Score - Motion Picture,GG009
Babel,2007,Winner,Best Motion Picture - Drama,GG010
Cars,2007,Winner,Best Motion Picture - Animated,GG017
Dreamgirls,2007,Winner,Best Motion Picture - Musical or Comedy,GG006
Peter Morgan,2007,Winner,Best Screenplay - Motion Picture,GG002
The Song Of The Heart,2007,Winner,Best Original Song - Motion Picture,GG008
Felicity Huffman,2006,Winner,Best Performance by an Actress in a Motion Picture - Drama,GG011
Philip Seymour Hoffman,2006,Winner,Best Performance by an Actor in a Motion Picture - Drama,GG012
Reese Witherspoon,2006,Winner,Best Performance by an Actress in a Motion Picture - Musical or Comedy,GG013
Joaquin Phoenix,2006,Winner,Best Performance by an Actor in a Motion Picture - Musical or Comedy,GG016
Paradise Now,2006,Winner,Best Motion Picture – Non-English Language,GG004
Rachel Weisz,2006,Winner,Best Performance by an Actress in a Supporting Role in any Motion Picture,GG014
George Clooney,2006,Winner,Best Performance by an Actor in a Supporting Role in any Motion Picture,GG015
Ang Lee,2006,Winner,Best Director - Motion Picture,GG003
"Larry McMurtry, Diana Ossana",2006,Winner,Best Screenplay - Motion Picture,GG002
John Williams,2006,Winner,Best Original Score - Motion Picture,GG009
Brokeback Mountain,2006,Winner,Best Motion Picture - Drama,GG010
Walk The Line,2006,Winner,Best Motion Picture - Musical or Comedy,GG006
"""A Love That Will Never Grow Old""",2006,Winner,Best Original Song - Motion Picture,GG008
Hilary Swank,2005,Winner,Best Performance by an Actress in a Motion Picture - Drama,GG011
Natalie Portman,2005,Winner,Best Performance by an Actress in a Supporting Role in any Motion Picture,GG014
"Sea Inside, The",2005,Winner,Best Motion Picture – Non-English Language,GG004
Clive Owen,2005,Winner,Best Performance by an Actor in a Supporting Role in any Motion Picture,GG015
Howard Shore,2005,Winner,Best Original Score - Motion Picture,GG009
Clint Eastwood,2005,Winner,Best Director - Motion Picture,GG003
Jamie Foxx,2005,Winner,Best Performance by an Actor in a Motion Picture - Musical or Comedy,GG016
Sideways,2005,Winner,Best Motion Picture - Musical or Comedy,GG006
The Aviator,2005,Winner,Best Motion Picture - Drama,GG010
"""Old Habits Die Hard""",2005,Winner,Best Original Song - Motion Picture,GG008
"Alexander Payne, Jim Taylor",2005,Winner,Best Screenplay - Motion Picture,GG002
Sean Penn,2004,Winner,Best Performance by an Actor in a Motion Picture - Drama,GG012
Sofia Coppola,2004,Winner,Best Screenplay - Motion Picture,GG002
The Lord of the Rings: The Return of the King,2004,Winner,Best Motion Picture - Drama,GG010
Lost in Translation,2004,Winner,Best Motion Picture - Musical or Comedy,GG006
Peter Jackson,2004,Winner,Best Director - Motion Picture,GG003
Osama,2004,Winner,Best Motion Picture – Non-English Language,GG004
Renée Zellweger,2004,Winner,Best Performance by an Actress in a Supporting Role in any Motion Picture,GG014
Diane Keaton,2004,Winner,Best Performance by an Actress in a Motion Picture - Musical or Comedy,GG013
Bill Murray,2004,Winner,Best Performance by an Actor in a Motion Picture - Musical or Comedy,GG016
Tim Robbins,2004,Winner,Best Performance by an Actor in a Supporting Role in any Motion Picture,GG015
Charlize Theron,2004,Winner,Best Performance by an Actress in a Motion Picture - Drama,GG011
"""Into the West""",2004,Winner,Best Original Song - Motion Picture,GG008
Jack Nicholson,2003,Winner,Best Performance by an Actor in a Motion Picture - Drama,GG012
The Hours,2003,Winner,Best Motion Picture - Drama,GG010
Chicago,2003,Winner,Best Motion Picture - Musical or Comedy,GG006
Elliot Goldenthal,2003,Winner,Best Original Score - Motion Picture,GG009
Talk To Her,2003,Winner,Best Motion Picture – Non-English Language,GG004
Meryl Streep,2003,Winner,Best Performance by an Actress in a Supporting Role in any Motion Picture,GG014
Renée Zellweger,2003,Winner,Best Performance by an Actress in a Motion Picture - Musical or Comedy,GG013
Richard Gere,2003,Winner,Best Performance by an Actor in a Motion Picture - Musical or Comedy,GG016
Chris Cooper,2003,Winner,Best Performance by an Actor in a Supporting Role in any Motion Picture,GG015
The Hands That Built America,2003,Winner,Best Original Song - Motion Picture,GG008
Russell Crowe,2002,Winner,Best Performance by an Actor in a Motion Picture - Drama,GG012
Akiva Goldsman,2002,Winner,Best Screenplay - Motion Picture,GG002
A Beautiful Mind,2002,Winner,Best Motion Picture - Drama,GG010
Moulin Rouge!,2002,Winner,Best Motion Picture - Musical or Comedy,GG006
Craig Armstrong,2002,Winner,Best Original Score - Motion Picture,GG009
Robert Altman,2002,Winner,Best Director - Motion Picture,GG003
No Man's Land,2002,Winner,Best Motion Picture – Non-English Language,GG004
Jennifer Connelly,2002,Winner,Best Performance by an Actress in a Supporting Role in any Motion Picture,GG014
Nicole Kidman,2002,Winner,Best Performance by an Actress in a Motion Picture - Musical or Comedy,GG013
Gene Hackman,2002,Winner,Best Performance by an Actor in a Motion Picture - Musical or Comedy,GG016
Jim Broadbent,2002,Winner,Best Performance by an Actor in a Supporting Role in any Motion Picture,GG015
Sissy Spacek,2002,Winner,Best Performance by an Actress in a Motion Picture - Drama,GG011
"""Until…""",2002,Winner,Best Original Song - Motion Picture,GG008
Tom Hanks,2001,Winner,Best Performance by an Actor in a Motion Picture - Drama,GG012
Almost Famous,2001,Winner,Best Motion Picture - Musical or Comedy,GG006
Lisa Gerrard,2001,Winner,Best Original Score - Motion Picture,GG009
"Crouching Tiger, Hidden Dragon",2001,Winner,Best Motion Picture – Non-English Language,GG004
Kate Hudson,2001,Winner,Best Performance by an Actress in a Supporting Role in any Motion Picture,GG014
George Clooney,2001,Winner,Best Performance by an Actor in a Motion Picture - Musical or Comedy,GG016
Julia Roberts,2001,Winner,Best Performance by an Actress in a Motion Picture - Drama,GG011
"""Things Have Changed""",2001,Winner,Best Original Song - Motion Picture,GG008
Denzel Washington,2000,Winner,Best Performance by an Actor in a Motion Picture - Drama,GG012
Alan Ball,2000,Winner,Best Screenplay - Motion Picture,GG002
American Beauty,2000,Winner,Best Motion Picture - Drama,GG010
Toy Story 2,2000,Winner,Best Motion Picture - Musical or Comedy,GG006
All About My Mother,2000,Winner,Best Motion Picture – Non-English Language,GG004
Angelina Jolie,2000,Winner,Best Performance by an Actress in a Supporting Role in any Motion Picture,GG014
Janet McTeer,2000,Winner,Best Performance by an Actress in a Motion Picture - Musical or Comedy,GG013
Jim Carrey,2000,Winner,Best Performance by an Actor in a Motion Picture - Musical or Comedy,GG016
Tom Cruise,2000,Winner,Best Performance by an Actor in a Supporting Role in any Motion Picture,GG015
"""You'll Be In My Heart""",2000,Winner,Best Original Song - Motion Picture,GG008
Jim Carrey,1999,Winner,Best Performance by an Actor in a Motion Picture - Drama,GG012
Marc Norman,1999,Winner,Best Screenplay - Motion Picture,GG002
Saving Private Ryan,1999,Winner,Best Motion Picture - Drama,GG010
Shakespeare in Love,1999,Winner,Best Motion Picture - Musical or Comedy,GG006
"Burkhard Dallwitz, Philip Glass",1999,Winner,Best Original Score - Motion Picture,GG009
Central Station,1999,Winner,Best Motion Picture – Non-English Language,GG004
Gwyneth Paltrow,1999,Winner,Best Performance by an Actress in a Motion Picture - Musical or Comedy,GG013
Michael Caine,1999,Winner,Best Performance by an Actor in a Motion Picture - Musical or Comedy,GG016
Ed Harris,1999,Winner,Best Performance by an Actor in a Supporting Role in any Motion Picture,GG015
"""The Prayer""",1999,Winner,Best Original Song - Motion Picture,GG008
Peter Fonda,1998,Winner,Best Performance by an Actor in a Motion Picture - Drama,GG012
As Good as It Gets,1998,Winner,Best Motion Picture - Musical or Comedy,GG006
James Horner,1998,Winner,Best Original Score - Motion Picture,GG009
Ma Vie en Rose,1998,Winner,Best Motion Picture – Non-English Language,GG004
Kim Basinger,1998,Winner,Best Performance by an Actress in a Supporting Role in any Motion Picture,GG014
Helen Hunt,1998,Winner,Best Performance by an Actress in a Motion Picture - Musical or Comedy,GG013
Jack Nicholson,1998,Winner,Best Performance by an Actor in a Motion Picture - Musical or Comedy,GG016
Burt Reynolds,1998,Winner,Best Performance by an Actor in a Supporting Role in any Motion Picture,GG015
Judi Dench,1998,Winner,Best Performance by an Actress in a Motion Picture - Drama,GG011
"""My Heart Will Go On""",1998,Winner,Best Original Song - Motion Picture,GG008
Geoffrey Rush,1997,Winner,Best Performance by an Actor in a Motion Picture - Drama,GG012
Scott Alexander,1997,Winner,Best Screenplay - Motion Picture,GG002
The English Patient,1997,Winner,Best Motion Picture - Drama,GG010
Evita,1997,Winner,Best Motion Picture - Musical or Comedy,GG006
Gabriel Yared,1997,Winner,Best Original Score - Motion Picture,GG009
Milos Forman,1997,Winner,Best Director - Motion Picture,GG003
Kolya,1997,Winner,Best Motion Picture – Non-English Language,GG004
Madonna,1997,Winner,Best Performance by an Actress in a Motion Picture - Musical or Comedy,GG013
Tom Cruise,1997,Winner,Best Performance by an Actor in a Motion Picture - Musical or Comedy,GG016
Brenda Blethyn,1997,Winner,Best Performance by an Actress in a Motion Picture - Drama,GG011
"""You Must Love Me""",1997,Winner,Best Original Song - Motion Picture,GG008
Larry Karaszewski,1997,Winner,Best Screenplay - Motion Picture,GG002
Nicolas Cage,1996,Winner,Best Performance by an Actor in a Motion Picture - Drama,GG012
Emma Thompson,1996,Winner,Best Screenplay - Motion Picture,GG002
Sense and Sensibility,1996,Winner,Best Motion Picture - Drama,GG010
Babe,1996,Winner,Best Motion Picture - Musical or Comedy,GG006
Maurice Jarre,1996,Winner,Best Original Score - Motion Picture,GG009
Mel Gibson,1996,Winner,Best Director - Motion Picture,GG003
Les Misérables,1996,Winner,Best Motion Picture – Non-English Language,GG004
Mira Sorvino,1996,Winner,Best Performance by an Actress in a Supporting Role in any Motion Picture,GG014
John Travolta,1996,Winner,Best Performance by an Actor in a Motion Picture - Musical or Comedy,GG016
Sharon Stone,1996,Winner,Best Performance by an Actress in a Motion Picture - Drama,GG011
Colors of the Wind,1996,Winner,Best Original Song - Motion Picture,GG008
Forrest Gump,1995,Winner,Best Motion Picture - Drama,GG010
The Lion King (1994),1995,Winner,Best Motion Picture - Musical or Comedy,GG006
Robert Zemeckis,1995,Winner,Best Director - Motion Picture,GG003
Farinelli,1995,Winner,Best Motion Picture – Non-English Language,GG004
Dianne Wiest,1995,Winner,Best Performance by an Actress in a Supporting Role in any Motion Picture,GG014
Jamie Lee Curtis,1995,Winner,Best Performance by an Actress in a Motion Picture - Musical or Comedy,GG013
Jessica Lange,1995,Winner,Best Performance by an Actress in a Motion Picture - Drama,GG011
Steven Zaillian,1994,Winner,Best Screenplay - Motion Picture,GG002
Schindler's List,1994,Winner,Best Motion Picture - Drama,GG010
Mrs. Doubtfire,1994,Winner,Best Motion Picture - Musical or Comedy,GG006
Kitarô Kitarô,1994,Winner,Best Original Score - Motion Picture,GG009
Farewell My Concubine,1994,Winner,Best Motion Picture – Non-English Language,GG004
Winona Ryder,1994,Winner,Best Performance by an Actress in a Supporting Role in any Motion Picture,GG014
Angela Bassett,1994,Winner,Best Performance by an Actress in a Motion Picture - Musical or Comedy,GG013
Robin Williams,1994,Winner,Best Performance by an Actor in a Motion Picture - Musical or Comedy,GG016
Tommy Lee Jones,1994,Winner,Best Performance by an Actor in a Supporting Role in any Motion Picture,GG015
Holly Hunter,1994,Winner,Best Performance by an Actress in a Motion Picture - Drama,GG011
Streets of Philadelphia,1994,Winner,Best Original Song - Motion Picture,GG008
Al Pacino,1993,Winner,Best Performance by an Actor in a Motion Picture - Drama,GG012
Bo Goldman,1993,Winner,Best Screenplay - Motion Picture,GG002
Robin Williams,1993,Winner,Special Achievement Award,GG018
Scent of a Woman,1993,Winner,Best Motion Picture - Drama,GG010
"Player, The",1993,Winner,Best Motion Picture - Musical or Comedy,GG006
Alan Menken,1993,Winner,Best Original Score - Motion Picture,GG009
Indochine,1993,Winner,Best Motion Picture – Non-English Language,GG004
Joan Plowright,1993,Winner,Best Performance by an Actress in a Supporting Role in any Motion Picture,GG014
Miranda Richardson,1993,Winner,Best Performance by an Actress in a Motion Picture - Musical or Comedy,GG013
Gene Hackman,1993,Winner,Best Performance by an Actor in a Supporting Role in any Motion Picture,GG015
Emma Thompson,1993,Winner,Best Performance by an Actress in a Motion Picture - Drama,GG011
Nick Nolte,1992,Winner,Best Performance by an Actor in a Motion Picture - Drama,GG012
Callie Khouri,1992,Winner,Best Screenplay - Motion Picture,GG002
Oliver Stone,1992,Winner,Best Director - Motion Picture,GG003
Europa Europa,1992,Winner,Best Motion Picture – Non-English Language,GG004
Mercedes Ruehl,1992,Winner,Best Performance by an Actress in a Supporting Role in any Motion Picture,GG014
Bette Midler,1992,Winner,Best Performance by an Actress in a Motion Picture - Musical or Comedy,GG013
Jodie Foster,1992,Winner,Best Performance by an Actress in a Motion Picture - Drama,GG011
Beauty and the Beast,1992,Winner,Best Original Song - Motion Picture,GG008
Michael Blake,1991,Winner,Best Screenplay - Motion Picture,GG002
Dances with Wolves,1991,Winner,Best Motion Picture - Drama,GG010
Green Card,1991,Winner,Best Motion Picture - Musical or Comedy,GG006
"Richard Horowitz, Ryuichi Sakamoto",1991,Winner,Best Original Score - Motion Picture,GG009
Whoopi Goldberg,1991,Winner,Best Performance by an Actress in a Supporting Role in any Motion Picture,GG014
Julia Roberts,1991,Winner,Best Performance by an Actress in a Motion Picture - Musical or Comedy,GG013
Gérard Depardieu,1991,Winner,Best Performance by an Actor in a Motion Picture - Musical or Comedy,GG016
Bruce Davison,1991,Winner,Best Performance by an Actor in a Supporting Role in any Motion Picture,GG015
Kathy Bates,1991,Winner,Best Performance by an Actress in a Motion Picture - Drama,GG011
Blaze of Glory,1991,Winner,Best Original Song - Motion Picture,GG008
Tom Cruise,1990,Winner,Best Performance by an Actor in a Motion Picture - Drama,GG012
Born on the Fourth of July,1990,Winner,Best Motion Picture - Drama,GG010
Driving Miss Daisy,1990,Winner,Best Motion Picture - Musical or Comedy,GG006
Cinema Paradiso,1990,Winner,Best Motion Picture – Non-English Language,GG004
Julia Roberts,1990,Winner,Best Performance by an Actress in a Supporting Role in any Motion Picture,GG014
Jessica Tandy,1990,Winner,Best Performance by an Actress in a Motion Picture - Musical or Comedy,GG013
Morgan Freeman,1990,Winner,Best Performance by an Actor in a Motion Picture - Musical or Comedy,GG016
Denzel Washington,1990,Winner,Best Performance by an Actor in a Supporting Role in any Motion Picture,GG015
Michelle Pfeiffer,1990,Winner,Best Performance by an Actress in a Motion Picture - Drama,GG011
Under the Sea,1990,Winner,Best Original Song - Motion Picture,GG008
"Oliver Stone, Ron Kovic",1990,Winner,Best Screenplay - Motion Picture,GG002
Dustin Hoffman,1989,Winner,Best Performance by an Actor in a Motion Picture - Drama,GG012
Naomi Foner,1989,Winner,Best Screenplay - Motion Picture,GG002
Rain Man,1989,Winner,Best Motion Picture - Drama,GG010
Working Girl,1989,Winner,Best Motion Picture - Musical or Comedy,GG006
Sigourney Weaver,1989,Winner,Best Performance by an Actress in a Supporting Role in any Motion Picture,GG014
Tom Hanks,1989,Winner,Best Performance by an Actor in a Motion Picture - Musical or Comedy,GG016
Martin Landau,1989,Winner,Best Performance by an Actor in a Supporting Role in any Motion Picture,GG015
Shirley MacLaine,1989,Winner,Best Performance by an Actress in a Motion Picture - Drama,GG011
Sigourney Weaver,1989,Winner,Best Performance by an Actress in a Motion Picture - Drama,GG011
Let the River Run,1989,Winner,Best Original Song - Motion Picture,GG008
Two Hearts,1989,Winner,Best Original Song - Motion Picture,GG008
Michael Douglas,1988,Winner,Best Performance by an Actor in a Motion Picture - Drama,GG012
Bernardo Bertolucci,1988,Winner,Best Screenplay - Motion Picture,GG002
"David Byrne, Ryuichi Sakamoto, Cong Su",1988,Winner,Best Original Score - Motion Picture,GG009
Bernardo Bertolucci,1988,Winner,Best Director - Motion Picture,GG003
My Life as a Dog,1988,Winner,Best Motion Picture – Non-English Language,GG004
Olympia Dukakis,1988,Winner,Best Performance by an Actress in a Supporting Role in any Motion Picture,GG014
Cher,1988,Winner,Best Performance by an Actress in a Motion Picture - Musical or Comedy,GG013
Sean Connery,1988,Winner,Best Performance by an Actor in a Supporting Role in any Motion Picture,GG015
(I've Had) The Time of My Life,1988,Winner,Best Original Song - Motion Picture,GG008
Bob Hoskins,1987,Winner,Best Performance by an Actor in a Motion Picture - Drama,GG012
Robert Bolt,1987,Winner,Best Screenplay - Motion Picture,GG002
Platoon,1987,Winner,Best Motion Picture - Drama,GG010
Hannah and Her Sisters,1987,Winner,Best Motion Picture - Musical or Comedy,GG006
"Assault, The",1987,Winner,Best Motion Picture – Non-English Language,GG004
Maggie Smith,1987,Winner,Best Performance by an Actress in a Supporting Role in any Motion Picture,GG014
Sissy Spacek,1987,Winner,Best Performance by an Actress in a Motion Picture - Musical or Comedy,GG013
Tom Berenger,1987,Winner,Best Performance by an Actor in a Supporting Role in any Motion Picture,GG015
Take My Breath Away,1987,Winner,Best Original Song - Motion Picture,GG008
Jon Voight,1986,Winner,Best Performance by an Actor in a Motion Picture - Drama,GG012
Prizzi's Honor,1986,Winner,Best Motion Picture - Musical or Comedy,GG006
John Barry,1986,Winner,Best Original Score - Motion Picture,GG009
John Huston,1986,Winner,Best Director - Motion Picture,GG003
Kathleen Turner,1986,Winner,Best Performance by an Actress in a Motion Picture - Musical or Comedy,GG013
Klaus Maria Brandauer,1986,Winner,Best Performance by an Actor in a Supporting Role in any Motion Picture,GG015
Peter Shaffer,1985,Winner,Best Screenplay - Motion Picture,GG002
Amadeus,1985,Winner,Best Motion Picture - Drama,GG010
Romancing the Stone,1985,Winner,Best Motion Picture - Musical or Comedy,GG006
"Passage to India, A",1985,Winner,Best Motion Picture – Non-English Language,GG004
Peggy Ashcroft,1985,Winner,Best Performance by an Actress in a Supporting Role in any Motion Picture,GG014
Dudley Moore,1985,Winner,Best Performance by an Actor in a Motion Picture - Musical or Comedy,GG016
Haing S. Ngor,1985,Winner,Best Performance by an Actor in a Supporting Role in any Motion Picture,GG015
I Just Called To Say I Love You,1985,Winner,Best Original Song - Motion Picture,GG008
Tom Courtenay,1984,Winner,Best Performance by an Actor in a Motion Picture - Drama,GG012
Robert Duvall,1984,Winner,Best Performance by an Actor in a Motion Picture - Drama,GG012
Terms of Endearment,1984,Winner,Best Motion Picture - Drama,GG010
Yentl,1984,Winner,Best Motion Picture - Musical or Comedy,GG006
Cher,1984,Winner,Best Performance by an Actress in a Supporting Role in any Motion Picture,GG014
Julie Walters,1984,Winner,Best Performance by an Actress in a Motion Picture - Musical or Comedy,GG013
Jack Nicholson,1984,Winner,Best Performance by an Actor in a Supporting Role in any Motion Picture,GG015
Flashdance… What a Feeling,1984,Winner,Best Original Song - Motion Picture,GG008
John Briley,1983,Winner,Best Screenplay - Motion Picture,GG002
Sandahl Bergman,1983,Winner,New Star Of The Year - Actress,GG019
Ben Kingsley,1983,Winner,New Star Of The Year - Actor,GG020
Jessica Lange,1983,Winner,Best Performance by an Actress in a Supporting Role in any Motion Picture,GG014
Julie Andrews,1983,Winner,Best Performance by an Actress in a Motion Picture - Musical or Comedy,GG013
Dustin Hoffman,1983,Winner,Best Performance by an Actor in a Motion Picture - Musical or Comedy,GG016
Louis Gossett Jr.,1983,Winner,Best Performance by an Actor in a Supporting Role in any Motion Picture,GG015
Up Where We Belong,1983,Winner,Best Original Song - Motion Picture,GG008
Henry Fonda,1982,Winner,Best Performance by an Actor in a Motion Picture - Drama,GG012
Ernest Thompson,1982,Winner,Best Screenplay - Motion Picture,GG002
On Golden Pond,1982,Winner,Best Motion Picture - Drama,GG010
Arthur,1982,Winner,Best Motion Picture - Musical or Comedy,GG006
Warren Beatty,1982,Winner,Best Director - Motion Picture,GG003
Joan Hackett,1982,Winner,Best Performance by an Actress in a Supporting Role in any Motion Picture,GG014
Bernadette Peters,1982,Winner,Best Performance by an Actress in a Motion Picture - Musical or Comedy,GG013
John Gielgud,1982,Winner,Best Performance by an Actor in a Supporting Role in any Motion Picture,GG015
Arthur's Theme (Best That You Can Do),1982,Winner,Best Original Song - Motion Picture,GG008
Robert De Niro,1981,Winner,Best Performance by an Actor in a Motion Picture - Drama,GG012
William Peter Blatty,1981,Winner,Best Screenplay - Motion Picture,GG002
Ordinary People,1981,Winner,Best Motion Picture - Drama,GG010
Coal Miner's Daughter,1981,Winner,Best Motion Picture - Musical or Comedy,GG006
Timothy Hutton,1981,Winner,New Star Of The Year - Actor,GG020
Dominic Frontiere,1981,Winner,Best Original Score - Motion Picture,GG009
Mary Steenburgen,1981,Winner,Best Performance by an Actress in a Supporting Role in any Motion Picture,GG014
Ray Sharkey,1981,Winner,Best Performance by an Actor in a Motion Picture - Musical or Comedy,GG016
Timothy Hutton,1981,Winner,Best Performance by an Actor in a Supporting Role in any Motion Picture,GG015
Fame,1981,Winner,Best Original Song - Motion Picture,GG008
Robert Benton,1980,Winner,Best Screenplay - Motion Picture,GG002
Kramer vs. Kramer,1980,Winner,Best Motion Picture - Drama,GG010
Breaking Away,1980,Winner,Best Motion Picture - Musical or Comedy,GG006
Bette Midler,1980,Winner,New Star Of The Year - Actress,GG019
Ricky/Rick Schroder,1980,Winner,New Star Of The Year - Actor,GG020
Francis Ford Coppola,1980,Winner,Best Director - Motion Picture,GG003
"Cage aux Folles, La",1980,Winner,Best Motion Picture – Non-English Language,GG004
Jane Fonda,1980,Winner,World Film Favorites,GG021
Roger Moore,1980,Winner,World Film Favorites,GG021
Peter Sellers,1980,Winner,Best Performance by an Actor in a Motion Picture - Musical or Comedy,GG016
Sally Field,1980,Winner,Best Performance by an Actress in a Motion Picture - Drama,GG011
Oliver Stone,1979,Winner,Best Screenplay - Motion Picture,GG002
Midnight Express,1979,Winner,Best Motion Picture - Drama,GG010
Irene Miracle,1979,Winner,New Star Of The Year - Actress,GG019
Brad Davis,1979,Winner,New Star Of The Year - Actor,GG020
Giorgio Moroder,1979,Winner,Best Original Score - Motion Picture,GG009
Michael Cimino,1979,Winner,Best Director - Motion Picture,GG003
Dyan Cannon,1979,Winner,Best Performance by an Actress in a Supporting Role in any Motion Picture,GG014
Ellen Burstyn,1979,Winner,Best Performance by an Actress in a Motion Picture - Musical or Comedy,GG013
Maggie Smith,1979,Winner,Best Performance by an Actress in a Motion Picture - Musical or Comedy,GG013
Warren Beatty,1979,Winner,Best Performance by an Actor in a Motion Picture - Musical or Comedy,GG016
John Hurt,1979,Winner,Best Performance by an Actor in a Supporting Role in any Motion Picture,GG015
Last Dance,1979,Winner,Best Original Song - Motion Picture,GG008
Richard Burton,1978,Winner,Best Performance by an Actor in a Motion Picture - Drama,GG012
Neil Simon,1978,Winner,Best Screenplay - Motion Picture,GG002
"Turning Point, The",1978,Winner,Best Motion Picture - Drama,GG010
"Goodbye Girl, The",1978,Winner,Best Motion Picture - Musical or Comedy,GG006
Herbert Ross,1978,Winner,Best Director - Motion Picture,GG003
"Special Day, A",1978,Winner,Best Motion Picture – Non-English Language,GG004
Robert Redford,1978,Winner,World Film Favorites,GG021
Barbra Streisand,1978,Winner,World Film Favorites,GG021
Vanessa Redgrave,1978,Winner,Best Performance by an Actress in a Supporting Role in any Motion Picture,GG014
Marsha Mason,1978,Winner,Best Performance by an Actress in a Motion Picture - Musical or Comedy,GG013
Richard Dreyfuss,1978,Winner,Best Performance by an Actor in a Motion Picture - Musical or Comedy,GG016
Peter Firth,1978,Winner,Best Performance by an Actor in a Supporting Role in any Motion Picture,GG015
Jane Fonda,1978,Winner,Best Performance by an Actress in a Motion Picture - Drama,GG011
You Light Up My Life,1978,Winner,Best Original Song - Motion Picture,GG008
Peter Finch,1977,Winner,Best Performance by an Actor in a Motion Picture - Drama,GG012
Paddy Chayefsky,1977,Winner,Best Screenplay - Motion Picture,GG002
Rocky,1977,Winner,Best Motion Picture - Drama,GG010
"Star Is Born, A (1976)",1977,Winner,Best Motion Picture - Musical or Comedy,GG006
Arnold Schwarzenegger,1977,Winner,New Star Of The Year - Actor,GG020
Sidney Lumet,1977,Winner,Best Director - Motion Picture,GG003
Face to Face,1977,Winner,Best Motion Picture – Non-English Language,GG004
Sophia Loren,1977,Winner,World Film Favorites,GG021
Katharine Ross,1977,Winner,Best Performance by an Actress in a Supporting Role in any Motion Picture,GG014
Barbra Streisand,1977,Winner,Best Performance by an Actress in a Motion Picture - Musical or Comedy,GG013
Kris Kristofferson,1977,Winner,Best Performance by an Actor in a Motion Picture - Musical or Comedy,GG016
Laurence Olivier,1977,Winner,Best Performance by an Actor in a Supporting Role in any Motion Picture,GG015
Faye Dunaway,1977,Winner,Best Performance by an Actress in a Motion Picture - Drama,GG011
Altars of the World,1977,Winner,Documentary,GG022
Evergreen,1977,Winner,Best Original Song - Motion Picture,GG008
Jessica Lange,1977,Winner,New Star Of The Year - Actress,GG019
"Paul Williams, Kenny Ascher",1977,Winner,Best Original Score - Motion Picture,GG009
One Flew Over The Cuckoo's Nest,1976,Winner,Best Motion Picture - Drama,GG010
"Sunshine Boys, The",1976,Winner,Best Motion Picture - Musical or Comedy,GG006
Marilyn Hassett,1976,Winner,New Star Of The Year - Actress,GG019
Brad Dourif,1976,Winner,New Star Of The Year - Actor,GG020
Lies My Father Told Me,1976,Winner,Best Motion Picture – Non-English Language,GG004
Brenda Vaccaro,1976,Winner,Best Performance by an Actress in a Supporting Role in any Motion Picture,GG014
Ann-Margret Olsson,1976,Winner,Best Performance by an Actress in a Motion Picture - Musical or Comedy,GG013
Walter Matthau,1976,Winner,Best Performance by an Actor in a Motion Picture - Musical or Comedy,GG016
Richard Benjamin,1976,Winner,Best Performance by an Actor in a Supporting Role in any Motion Picture,GG015
Louise Fletcher,1976,Winner,Best Performance by an Actress in a Motion Picture - Drama,GG011
Youthquake,1976,Winner,Documentary,GG022
I'm Easy,1976,Winner,Best Original Song - Motion Picture,GG008
Robert Towne,1975,Winner,Best Screenplay - Motion Picture,GG002
Chinatown,1975,Winner,Best Motion Picture - Drama,GG010
The Longest Yard,1975,Winner,Best Motion Picture - Musical or Comedy,GG006
Susan Flannery,1975,Winner,New Star Of The Year - Actress,GG019
Joseph Bottoms,1975,Winner,New Star Of The Year - Actor,GG020
"Alan Jay Lerner, Frederick Loewe",1975,Winner,Best Original Score - Motion Picture,GG009
Roman Polanski,1975,Winner,Best Director - Motion Picture,GG003
Scenes From a Marriage,1975,Winner,Best Motion Picture – Non-English Language,GG004
Karen Black,1975,Winner,Best Performance by an Actress in a Supporting Role in any Motion Picture,GG014
Raquel Welch,1975,Winner,Best Performance by an Actress in a Motion Picture - Musical or Comedy,GG013
Art Carney,1975,Winner,Best Performance by an Actor in a Motion Picture - Musical or Comedy,GG016
Fred Astaire,1975,Winner,Best Performance by an Actor in a Supporting Role in any Motion Picture,GG015
Gena Rowlands,1975,Winner,Best Performance by an Actress in a Motion Picture - Drama,GG011
Animals Are Beautiful People,1975,Winner,Documentary,GG022
Benji's Theme (I Feel Love),1975,Winner,Best Original Song - Motion Picture,GG008
"Exorcist, The",1974,Winner,Best Motion Picture - Drama,GG010
American Graffiti,1974,Winner,Best Motion Picture - Musical or Comedy,GG006
Tatum O’Neal,1974,Winner,New Star Of The Year - Actress,GG019
Paul Le Mat,1974,Winner,New Star Of The Year - Actor,GG020
Neil Diamond,1974,Winner,Best Original Score - Motion Picture,GG009
William Friedkin,1974,Winner,Best Director - Motion Picture,GG003
Glenda Jackson,1974,Winner,Best Performance by an Actress in a Motion Picture - Musical or Comedy,GG013
George Segal,1974,Winner,Best Performance by an Actor in a Motion Picture - Musical or Comedy,GG016
John Houseman,1974,Winner,Best Performance by an Actor in a Supporting Role in any Motion Picture,GG015
Marsha Mason,1974,Winner,Best Performance by an Actress in a Motion Picture - Drama,GG011
Visions of Eight,1974,Winner,Documentary,GG022
Marlon Brando,1973,Winner,Best Performance by an Actor in a Motion Picture - Drama,GG012
Francis Ford Coppola,1973,Winner,Best Screenplay - Motion Picture,GG002
Diana Ross,1973,Winner,New Star Of The Year - Actress,GG019
Edward Albert,1973,Winner,New Star Of The Year - Actor,GG020
Nino Rota,1973,Winner,Best Original Score - Motion Picture,GG009
Young Winston,1973,Winner,Foreign Film - English Language,GG023
"Emigrants, The",1973,Winner,Foreign Film - Foreign Language,GG024
"New Land, The",1973,Winner,Foreign Film - Foreign Language,GG024
Marlon Brando,1973,Winner,World Film Favorites,GG021
Shelley Winters,1973,Winner,Best Performance by an Actress in a Supporting Role in any Motion Picture,GG014
Liza Minnelli,1973,Winner,Best Performance by an Actress in a Motion Picture - Musical or Comedy,GG013
Jack Lemmon,1973,Winner,Best Performance by an Actor in a Motion Picture - Musical or Comedy,GG016
Joel Grey,1973,Winner,Best Performance by an Actor in a Supporting Role in any Motion Picture,GG015
Liv Ullmann,1973,Winner,Best Performance by an Actress in a Motion Picture - Drama,GG011
Elvis on Tour,1973,Winner,Documentary,GG022
Walls of Fire,1973,Winner,Documentary,GG022
Ben,1973,Winner,Best Original Song - Motion Picture,GG008
"French Connection, The",1972,Winner,Best Motion Picture - Drama,GG010
Fiddler on the Roof,1972,Winner,Best Motion Picture - Musical or Comedy,GG006
Desi Arnaz Jr.,1972,Winner,New Star Of The Year - Actor,GG020
Isaac Hayes,1972,Winner,Best Original Score - Motion Picture,GG009
Sunday Bloody Sunday,1972,Winner,Foreign Film - English Language,GG023
"Policeman, The",1972,Winner,Foreign Film - Foreign Language,GG024
Charles Bronson,1972,Winner,World Film Favorites,GG021
Sean Connery,1972,Winner,World Film Favorites,GG021
Ali MacGraw,1972,Winner,World Film Favorites,GG021
Ann-Margret Olsson,1972,Winner,Best Performance by an Actress in a Supporting Role in any Motion Picture,GG014
Ben Johnson,1972,Winner,Best Performance by an Actor in a Supporting Role in any Motion Picture,GG015
George C. Scott,1971,Winner,Best Performance by an Actor in a Motion Picture - Drama,GG012
Erich Segal,1971,Winner,Best Screenplay - Motion Picture,GG002
Love Story,1971,Winner,Best Motion Picture - Drama,GG010
Carrie Snodgress,1971,Winner,New Star Of The Year - Actress,GG019
James Earl Jones,1971,Winner,New Star Of The Year - Actor,GG020
Francis Lai,1971,Winner,Best Original Score - Motion Picture,GG009
Arthur Hiller,1971,Winner,Best Director - Motion Picture,GG003
Women In Love,1971,Winner,Foreign Film - English Language,GG023
Rider on the Rain,1971,Winner,Foreign Film - Foreign Language,GG024
Clint Eastwood,1971,Winner,World Film Favorites,GG021
Sidney Poitier,1971,Winner,World Film Favorites,GG021
Maureen Stapleton,1971,Winner,Best Performance by an Actress in a Supporting Role in any Motion Picture,GG014
Carrie Snodgress,1971,Winner,Actress In A Leading Role - Musical Or Comedy,GG025
Albert Finney,1971,Winner,Best Performance by an Actor in a Motion Picture - Musical or Comedy,GG016
John Mills,1971,Winner,Best Performance by an Actor in a Supporting Role in any Motion Picture,GG015
Ali MacGraw,1971,Winner,Best Performance by an Actress in a Motion Picture - Drama,GG011
Whistling Away the Dark,1971,Winner,Best Original Song - Motion Picture,GG008
M*A*S*H,1971,Winner,Best Motion Picture - Musical or Comedy,GG006
John Wayne,1970,Winner,Best Performance by an Actor in a Motion Picture - Drama,GG012
Bridget Boland,1970,Winner,Best Screenplay - Motion Picture,GG002
Anne of the Thousand Days,1970,Winner,Best Motion Picture - Drama,GG010
Jon Voight,1970,Winner,New Star Of The Year - Actor,GG020
Burt Bacharach,1970,Winner,Best Original Score - Motion Picture,GG009
Z,1970,Winner,Foreign Film - Foreign Language,GG024
Julie Andrews,1970,Winner,World Film Favorites,GG021
Mia Farrow,1970,Winner,World Film Favorites,GG021
Steve McQueen,1970,Winner,World Film Favorites,GG021
Goldie Hawn,1970,Winner,Best Performance by an Actress in a Supporting Role in any Motion Picture,GG014
Patty Duke,1970,Winner,Actress In A Leading Role - Musical Or Comedy,GG025
Peter O’Toole,1970,Winner,Best Performance by an Actor in a Motion Picture - Musical or Comedy,GG016
Gig Young,1970,Winner,Best Performance by an Actor in a Supporting Role in any Motion Picture,GG015
Geneviève Bujold,1970,Winner,Best Performance by an Actress in a Motion Picture - Drama,GG011
Jean,1970,Winner,Best Original Song - Motion Picture,GG008
Peter O’Toole,1969,Winner,Best Performance by an Actor in a Motion Picture - Drama,GG012
Sterling Silliphant,1969,Winner,Best Screenplay - Motion Picture,GG002
The Lion in Winter,1969,Winner,Best Motion Picture - Drama,GG010
Oliver!,1969,Winner,Best Motion Picture - Musical or Comedy,GG006
Olivia Hussey,1969,Winner,New Star Of The Year - Actress,GG019
War and Peace (1966),1969,Winner,Foreign Film - Foreign Language,GG024
Richard Burton,1969,Winner,World Film Favorites,GG021
Ruth Gordon,1969,Winner,Best Performance by an Actress in a Supporting Role in any Motion Picture,GG014
Barbra Streisand,1969,Winner,Actress In A Leading Role - Musical Or Comedy,GG025
Ron Moody,1969,Winner,Best Performance by an Actor in a Motion Picture - Musical or Comedy,GG016
Daniel Massey,1969,Winner,Best Performance by an Actor in a Supporting Role in any Motion Picture,GG015
Joanne Woodward,1969,Winner,Best Performance by an Actress in a Motion Picture - Drama,GG011
The Windmills of Your Mind,1969,Winner,Best Original Song - Motion Picture,GG008
Rod Steiger,1968,Winner,Best Performance by an Actor in a Motion Picture - Drama,GG012
Katharine Ross,1968,Winner,New Star Of The Year - Actress,GG019
Dustin Hoffman,1968,Winner,New Star Of The Year - Actor,GG020
Frederick Loewe,1968,Winner,Best Original Score - Motion Picture,GG009
Mike Nichols,1968,Winner,Best Director - Motion Picture,GG003
Anne Bancroft,1968,Winner,Actress In A Leading Role - Musical Or Comedy,GG025
Richard Harris,1968,Winner,Best Performance by an Actor in a Motion Picture - Musical or Comedy,GG016
Richard Attenborough,1968,Winner,Best Performance by an Actor in a Supporting Role in any Motion Picture,GG015
If Ever I Would Leave You,1968,Winner,Best Original Song - Motion Picture,GG008
In the Heat of the Night,1968,Winner,Best Motion Picture - Drama,GG010
Paul Scofield,1967,Winner,Best Performance by an Actor in a Motion Picture - Drama,GG012
"Man for All Seasons, A",1967,Winner,Best Motion Picture - Drama,GG010
"Russians Are Coming, The Russians Are Coming, The",1967,Winner,Best Motion Picture - Musical or Comedy,GG006
Camilla Sparv,1967,Winner,New Star Of The Year - Actress,GG019
James Farentino,1967,Winner,New Star Of The Year - Actor,GG020
Elmer Bernstein,1967,Winner,Best Original Score - Motion Picture,GG009
Fred Zinnemann,1967,Winner,Best Director - Motion Picture,GG003
Alfie (1966),1967,Winner,Foreign Film - English Language,GG023
A Man And A Woman,1967,Winner,Foreign Film - Foreign Language,GG024
Lynn Redgrave,1967,Winner,Actress In A Leading Role - Musical Or Comedy,GG025
Alan Arkin,1967,Winner,Best Performance by an Actor in a Motion Picture - Musical or Comedy,GG016
Anouk Aimée,1967,Winner,Best Performance by an Actress in a Motion Picture - Drama,GG011
Omar Sharif,1966,Winner,Best Performance by an Actor in a Motion Picture - Drama,GG012
Elizabeth Hartman,1966,Winner,New Star Of The Year - Actress,GG019
Robert Redford,1966,Winner,New Star Of The Year - Actor,GG020
Darling,1966,Winner,Foreign Film - English Language,GG023
Juliet of the Spirits,1966,Winner,Foreign Film - Foreign Language,GG024
Ursula Andress,1966,Winner,World Film Favorites,GG021
Doris Day,1966,Winner,World Film Favorites,GG021
Rex Harrison,1966,Winner,World Film Favorites,GG021
Rock Hudson,1966,Winner,World Film Favorites,GG021
Marcello Mastroianni,1966,Winner,World Film Favorites,GG021
Paul Newman,1966,Winner,World Film Favorites,GG021
Natalie Wood,1966,Winner,World Film Favorites,GG021
Julie Andrews,1966,Winner,Actress In A Leading Role - Musical Or Comedy,GG025
Lee Marvin,1966,Winner,Best Performance by an Actor in a Motion Picture - Musical or Comedy,GG016
Oskar Werner,1966,Winner,Best Performance by an Actor in a Supporting Role in any Motion Picture,GG015
Samantha Eggar,1966,Winner,Best Performance by an Actress in a Motion Picture - Drama,GG011
Sallah,1965,Winner,Samuel Goldwyn International Award,GG026
Mia Farrow,1965,Winner,New Star Of The Year - Actress,GG019
Celia Kaye,1965,Winner,New Star Of The Year - Actress,GG019
Mary Ann Mobley,1965,Winner,New Star Of The Year - Actress,GG019
Harve Presnell,1965,Winner,New Star Of The Year - Actor,GG020
George Segal,1965,Winner,New Star Of The Year - Actor,GG020
Chaim Topol,1965,Winner,New Star Of The Year - Actor,GG020
Dimitri Tiomkin,1965,Winner,Best Original Score - Motion Picture,GG009
George Cukor,1965,Winner,Best Director - Motion Picture,GG003
Agnes Moorehead,1965,Winner,Best Performance by an Actress in a Supporting Role in any Motion Picture,GG014
Rex Harrison,1965,Winner,Best Performance by an Actor in a Motion Picture - Musical or Comedy,GG016
Edmond O’Brien,1965,Winner,Best Performance by an Actor in a Supporting Role in any Motion Picture,GG015
Anne Bancroft,1965,Winner,Best Performance by an Actress in a Motion Picture - Drama,GG011
Circus World,1965,Winner,Best Original Song - Motion Picture,GG008
Sallah,1965,Winner,Foreign Film - Foreign Language,GG024
"Cardinal, The",1964,Winner,Best Motion Picture - Drama,GG010
"Yesterday, Today and Tomorrow",1964,Winner,Samuel Goldwyn International Award,GG026
Ursula Andress,1964,Winner,New Star Of The Year - Actress,GG019
Tippi Hedren,1964,Winner,New Star Of The Year - Actress,GG019
Elke Sommer,1964,Winner,New Star Of The Year - Actress,GG019
Albert Finney,1964,Winner,New Star Of The Year - Actor,GG020
Stathis Giallelis,1964,Winner,New Star Of The Year - Actor,GG020
Robert Walker Jr.,1964,Winner,New Star Of The Year - Actor,GG020
Elia Kazan,1964,Winner,Best Director - Motion Picture,GG003
Lilies of the Field,1964,Winner,Promoting International Understanding,GG027
Shirley MacLaine,1964,Winner,Actress In A Leading Role - Musical Or Comedy,GG025
Alberto Sordi,1964,Winner,Best Performance by an Actor in a Motion Picture - Musical or Comedy,GG016
John Huston,1964,Winner,Best Performance by an Actor in a Supporting Role in any Motion Picture,GG015
Leslie Caron,1964,Winner,Best Performance by an Actress in a Motion Picture - Drama,GG011
Gregory Peck,1963,Winner,Best Performance by an Actor in a Motion Picture - Drama,GG012
Lawrence of Arabia,1963,Winner,Best Motion Picture - Drama,GG010
Meredith Willson's The Music Man,1963,Winner,Picture - Musical,GG028
The Best of Enemies,1963,Winner,Samuel Goldwyn International Award,GG026
Sundays and Cybèle,1963,Winner,Samuel Goldwyn International Award,GG026
"Divorce, Italian Style",1963,Winner,Foreign Film - Foreign Language,GG024
Patty Duke,1963,Winner,New Star Of The Year - Actress,GG019
Sue Lyon,1963,Winner,New Star Of The Year - Actress,GG019
Rita Tushingham,1963,Winner,New Star Of The Year - Actress,GG019
Keir Dullea,1963,Winner,New Star Of The Year - Actor,GG020
Peter O’Toole,1963,Winner,New Star Of The Year - Actor,GG020
Omar Sharif,1963,Winner,New Star Of The Year - Actor,GG020
Terence Stamp,1963,Winner,New Star Of The Year - Actor,GG020
David Lean,1963,Winner,Best Director - Motion Picture,GG003
To Kill A Mockingbird,1963,Winner,Promoting International Understanding,GG027
Angela Lansbury,1963,Winner,Best Performance by an Actress in a Supporting Role in any Motion Picture,GG014
"Longest Day, The",1963,Winner,Cinematography - Black And White,GG029
Lawrence of Arabia,1963,Winner,Cinematography - Color,GG030
Rosalind Russell,1963,Winner,Actress In A Leading Role - Musical Or Comedy,GG025
Marcello Mastroianni,1963,Winner,Best Performance by an Actor in a Motion Picture - Musical or Comedy,GG016
Omar Sharif,1963,Winner,Best Performance by an Actor in a Supporting Role in any Motion Picture,GG015
Geraldine Page,1963,Winner,Best Performance by an Actress in a Motion Picture - Drama,GG011
Maximilian Schell,1962,Winner,Best Performance by an Actor in a Motion Picture - Drama,GG012
Samuel Bronston,1962,Winner,Special Achievement Award,GG018
Two Women,1962,Winner,Foreign Film - Foreign Language,GG024
Ann-Margret Olsson,1962,Winner,New Star Of The Year - Actress,GG019
Jane Fonda,1962,Winner,New Star Of The Year - Actress,GG019
Christine Kaufmann,1962,Winner,New Star Of The Year - Actress,GG019
Warren Beatty,1962,Winner,New Star Of The Year - Actor,GG020
Walden Cassotto,1962,Winner,New Star Of The Year - Actor,GG020
Stanley Kramer,1962,Winner,Best Director - Motion Picture,GG003
Charlton Heston,1962,Winner,World Film Favorites,GG021
Marilyn Monroe,1962,Winner,World Film Favorites,GG021
Rita Moreno,1962,Winner,Best Performance by an Actress in a Supporting Role in any Motion Picture,GG014
Glenn Ford,1962,Winner,Best Performance by an Actor in a Motion Picture - Musical or Comedy,GG016
George Chakiris,1962,Winner,Best Performance by an Actor in a Supporting Role in any Motion Picture,GG015
Burt Lancaster,1961,Winner,Best Performance by an Actor in a Motion Picture - Drama,GG012
Stanley Kramer,1961,Winner,Special Achievement Award,GG018
Fred Zinnemann,1961,Winner,Special Achievement Award,GG018
"Apartment, The",1961,Winner,Picture - Comedy,GG031
Spartacus,1961,Winner,Best Motion Picture - Drama,GG010
Song Without End,1961,Winner,Picture - Musical,GG028
Never On Sunday,1961,Winner,Samuel Goldwyn International Award,GG026
The Trials of Oscar Wilde (The Man With The Green Carnation),1961,Winner,Foreign Film - English Language,GG023
La vérité (The Truth),1961,Winner,Foreign Film - Foreign Language,GG024
The Virgin Spring,1961,Winner,Foreign Film - Foreign Language,GG024
Ina Balin,1961,Winner,New Star Of The Year - Actress,GG019
Nancy Kwan,1961,Winner,New Star Of The Year - Actress,GG019
Hayley Mills,1961,Winner,New Star Of The Year - Actress,GG019
Michael Callan,1961,Winner,New Star Of The Year - Actor,GG020
Mark Damon,1961,Winner,New Star Of The Year - Actor,GG020
Brett Halsey,1961,Winner,New Star Of The Year - Actor,GG020
Jack Cardiff,1961,Winner,Best Director - Motion Picture,GG003
Tony Curtis,1961,Winner,World Film Favorites,GG021
Gina Lollobrigida,1961,Winner,World Film Favorites,GG021
Hand In Hand,1961,Winner,Promoting International Understanding,GG027
Janet Leigh,1961,Winner,Best Performance by an Actress in a Supporting Role in any Motion Picture,GG014
Greer Garson,1961,Winner,Best Performance by an Actress in a Motion Picture - Drama,GG011
Rocco and His Brothers,1961,Winner,Best Motion Picture – Non-English Language,GG004
Anthony Franciosa,1960,Winner,Best Performance by an Actor in a Motion Picture - Drama,GG012
Some Like It Hot,1960,Winner,Picture - Comedy,GG031
Ben-Hur,1960,Winner,Best Motion Picture - Drama,GG010
Porgy and Bess,1960,Winner,Picture - Musical,GG028
Room At The Top,1960,Winner,Samuel Goldwyn International Award,GG026
Wir Wunderkinder (Aren't We Wonderful!),1960,Winner,Foreign Film - Foreign Language,GG024
Black Orpheus,1960,Winner,Foreign Film - Foreign Language,GG024
The Bridge,1960,Winner,Foreign Film - Foreign Language,GG024
Odd Obsession,1960,Winner,Foreign Film - Foreign Language,GG024
Wild Strawberries,1960,Winner,Foreign Film - Foreign Language,GG024
Angie Dickinson,1960,Winner,New Star Of The Year - Actress,GG019
Janet Munro,1960,Winner,New Star Of The Year - Actress,GG019
Stella Stevens,1960,Winner,New Star Of The Year - Actress,GG019
Tuesday Weld,1960,Winner,New Star Of The Year - Actress,GG019
Barry Coe,1960,Winner,New Star Of The Year - Actor,GG020
Troy Donahue,1960,Winner,New Star Of The Year - Actor,GG020
George Hamilton,1960,Winner,New Star Of The Year - Actor,GG020
James Shigeta,1960,Winner,New Star Of The Year - Actor,GG020
Ernest Gold,1960,Winner,Best Original Score - Motion Picture,GG009
William Wyler,1960,Winner,Best Director - Motion Picture,GG003
"Diary of Anne Frank, The",1960,Winner,Promoting International Understanding,GG027
Susan Kohner,1960,Winner,Best Performance by an Actress in a Supporting Role in any Motion Picture,GG014
Elizabeth Taylor,1960,Winner,Best Performance by an Actress in a Motion Picture - Drama,GG011
José Ramon Samaniego,1960,Winner,Famous Silent Filmstars,GG032
David Niven,1959,Winner,Best Performance by an Actor in a Motion Picture - Drama,GG012
Shirley MacLaine,1959,Winner,Special Achievement Award,GG018
Auntie Mame,1959,Winner,Picture - Comedy,GG031
"Defiant Ones, The",1959,Winner,Best Motion Picture - Drama,GG010
Gigi,1959,Winner,Picture - Musical,GG028
"Do Ankhen Barah Haath (Two Eyes, Twelve Hands)",1959,Winner,Samuel Goldwyn International Award,GG026
Rosemary,1959,Winner,Foreign Film - Foreign Language,GG024
A Night To Remember,1959,Winner,Foreign Film - English Language,GG023
The Year Long Road,1959,Winner,Foreign Film - Foreign Language,GG024
Linda Cristal,1959,Winner,New Star Of The Year - Actress,GG019
Susan Kohner,1959,Winner,New Star Of The Year - Actress,GG019
Tina Louise,1959,Winner,New Star Of The Year - Actress,GG019
Bradford Dillman,1959,Winner,New Star Of The Year - Actor,GG020
John Gavin,1959,Winner,New Star Of The Year - Actor,GG020
Efrem Zimbalist Jr.,1959,Winner,New Star Of The Year - Actor,GG020
Vincente Minnelli,1959,Winner,Best Director - Motion Picture,GG003
Deborah Kerr,1959,Winner,World Film Favorites,GG021
David Ladd,1959,Winner,Juvenile Performance,GG033
"Inn of the Sixth Happiness, The",1959,Winner,Promoting International Understanding,GG027
Hermione Gingold,1959,Winner,Best Performance by an Actress in a Supporting Role in any Motion Picture,GG014
Danny Kaye,1959,Winner,Best Performance by an Actor in a Motion Picture - Musical or Comedy,GG016
Burl Ives,1959,Winner,Best Performance by an Actor in a Supporting Role in any Motion Picture,GG015
Susan Hayward,1959,Winner,Best Performance by an Actress in a Motion Picture - Drama,GG011
L'eau vive (Girl And The River),1959,Winner,Foreign Film - Foreign Language,GG024
Alec Guinness,1958,Winner,Best Performance by an Actor in a Motion Picture - Drama,GG012
"Bridge on the River Kwai, The",1958,Winner,Best Motion Picture - Drama,GG010
Les Girls,1958,Winner,Best Motion Picture - Musical or Comedy,GG006
Sandra Dee,1958,Winner,New Star Of The Year - Actress,GG019
Carolyn Jones,1958,Winner,New Star Of The Year - Actress,GG019
Diane Varsi,1958,Winner,New Star Of The Year - Actress,GG019
James Garner,1958,Winner,New Star Of The Year - Actor,GG020
John Saxon,1958,Winner,New Star Of The Year - Actor,GG020
Patrick Wayne,1958,Winner,New Star Of The Year - Actor,GG020
Elsa Lanchester,1958,Winner,Best Performance by an Actress in a Supporting Role in any Motion Picture,GG014
Taina Elg,1958,Winner,Actress In A Leading Role - Musical Or Comedy,GG025
Kirk Douglas,1957,Winner,Best Performance by an Actor in a Motion Picture - Drama,GG012
"King and I, The",1957,Winner,Best Motion Picture - Musical or Comedy,GG006
Carroll Baker,1957,Winner,New Star Of The Year - Actress,GG019
Jayne Mansfield,1957,Winner,New Star Of The Year - Actress,GG019
Natalie Wood,1957,Winner,New Star Of The Year - Actress,GG019
John Kerr,1957,Winner,New Star Of The Year - Actor,GG020
Paul Newman,1957,Winner,New Star Of The Year - Actor,GG020
Anthony Perkins,1957,Winner,New Star Of The Year - Actor,GG020
Before Sundown,1957,Winner,Foreign Film - Foreign Language,GG024
A Girl In Black,1957,Winner,Foreign Film - Foreign Language,GG024
Richard III  (1955),1957,Winner,Foreign Film - English Language,GG023
The Rose On His Arm,1957,Winner,Foreign Film - Foreign Language,GG024
War and Peace,1957,Winner,Foreign Film - Foreign Language,GG024
The White Reindeer,1957,Winner,Foreign Film - Foreign Language,GG024
James Dean,1957,Winner,World Film Favorites,GG021
Kim Novak,1957,Winner,World Film Favorites,GG021
Ronald Reagan,1957,Winner,Hollywood Citizenship Award,GG034
Battle Hymn,1957,Winner,Promoting International Understanding,GG027
Taina Elg,1957,Winner,New Foreign Star Of The Year - Actress,GG035
Jacques Bergerac,1957,Winner,New Foreign Star Of The Year - Actor,GG036
Eileen Heckart,1957,Winner,Best Performance by an Actress in a Supporting Role in any Motion Picture,GG014
Deborah Kerr,1957,Winner,Actress In A Leading Role - Musical Or Comedy,GG025
– Cantinflas,1957,Winner,Best Performance by an Actor in a Motion Picture - Musical or Comedy,GG016
Earl Holliman,1957,Winner,Best Performance by an Actor in a Supporting Role in any Motion Picture,GG015
Ingrid Bergman,1957,Winner,Best Performance by an Actress in a Motion Picture - Drama,GG011
Ernest Borgnine,1956,Winner,Best Performance by an Actor in a Motion Picture - Drama,GG012
James Dean,1956,Winner,Special Achievement Award,GG018
Eyes of Children,1956,Winner,Best Motion Picture – Non-English Language,GG004
"Sons, Mothers And A General",1956,Winner,Best Motion Picture – Non-English Language,GG004
Stella,1956,Winner,Best Motion Picture – Non-English Language,GG004
Ordet,1956,Winner,Best Motion Picture – Non-English Language,GG004
Grace Kelly,1956,Winner,World Film Favorites,GG021
Esther Williams,1956,Winner,Hollywood Citizenship Award,GG034
Love Is A Many-Splendored Thing,1956,Winner,Promoting International Understanding,GG027
Marisa Pavan,1956,Winner,Best Performance by an Actress in a Supporting Role in any Motion Picture,GG014
Jean Simmons,1956,Winner,Actress In A Leading Role - Musical Or Comedy,GG025
Tom Ewell,1956,Winner,Best Performance by an Actor in a Motion Picture - Musical or Comedy,GG016
Arthur Kennedy,1956,Winner,Best Performance by an Actor in a Supporting Role in any Motion Picture,GG015
Anna Magnani,1956,Winner,Best Performance by an Actress in a Motion Picture - Drama,GG011
Dangerous Curves (UK),1956,Winner,Best Motion Picture – Non-English Language,GG004
Wichita,1956,Winner,Best Outdoor Drama,GG037
Ernest Lehman,1955,Winner,Best Screenplay - Motion Picture,GG002
On the Waterfront,1955,Winner,Best Motion Picture - Drama,GG010
Carmen Jones,1955,Winner,Best Motion Picture - Musical or Comedy,GG006
Shirley MacLaine,1955,Winner,New Star Of The Year - Actress,GG019
Kim Novak,1955,Winner,New Star Of The Year - Actress,GG019
Karen Sharpe,1955,Winner,New Star Of The Year - Actress,GG019
Joe Adams,1955,Winner,New Star Of The Year - Actor,GG020
George Nader,1955,Winner,New Star Of The Year - Actor,GG020
Jeff Richards,1955,Winner,New Star Of The Year - Actor,GG020
Genevieve,1955,Winner,Best Motion Picture – Non-English Language,GG004
The Lady Of The Camelias,1955,Winner,Best Motion Picture – Non-English Language,GG004
No Way Back,1955,Winner,Best Motion Picture – Non-English Language,GG004
Twenty-Four Eyes,1955,Winner,Best Motion Picture – Non-English Language,GG004
Audrey Hepburn,1955,Winner,World Film Favorites,GG021
Gregory Peck,1955,Winner,World Film Favorites,GG021
Broken Lance,1955,Winner,Promoting International Understanding,GG027
Jan Sterling,1955,Winner,Best Performance by an Actress in a Supporting Role in any Motion Picture,GG014
Pat Crowley,1954,Winner,New Star Of The Year - Actress,GG019
Bella Darvi,1954,Winner,New Star Of The Year - Actress,GG019
Barbara Rush,1954,Winner,New Star Of The Year - Actress,GG019
Richard Egan,1954,Winner,New Star Of The Year - Actor,GG020
Steve Forrest,1954,Winner,New Star Of The Year - Actor,GG020
Hugh O’Brian,1954,Winner,New Star Of The Year - Actor,GG020
Alan Ladd,1954,Winner,World Film Favorites,GG021
Robert Taylor,1954,Winner,World Film Favorites,GG021
Little Boy Lost,1954,Winner,Promoting International Understanding,GG027
Grace Kelly,1954,Winner,Best Performance by an Actress in a Supporting Role in any Motion Picture,GG014
Ethel Merman,1954,Winner,Actress In A Leading Role - Musical Or Comedy,GG025
David Niven,1954,Winner,Best Performance by an Actor in a Motion Picture - Musical or Comedy,GG016
Frank Sinatra,1954,Winner,Best Performance by an Actor in a Supporting Role in any Motion Picture,GG015
Audrey Hepburn,1954,Winner,Best Performance by an Actress in a Motion Picture - Drama,GG011
"Queen Is Crowned, A",1954,Winner,Documentary,GG022
"Robe, The",1954,Winner,Best Motion Picture - Drama,GG010
Gary Cooper,1953,Winner,Best Performance by an Actor in a Motion Picture - Drama,GG012
Michael Wilson,1953,Winner,Best Screenplay - Motion Picture,GG002
Francis Kee Teller,1953,Winner,Special Achievement Award,GG018
The Greatest Show on Earth,1953,Winner,Best Motion Picture - Drama,GG010
With a Song in My Heart,1953,Winner,Best Motion Picture - Musical or Comedy,GG006
John Wayne,1953,Winner,World Film Favorites,GG021
Brandon de Wilde,1953,Winner,Juvenile Performance,GG033
Anything Can Happen,1953,Winner,Promoting International Understanding,GG027
Katy Jurado,1953,Winner,Best Performance by an Actress in a Supporting Role in any Motion Picture,GG014
High Noon,1953,Winner,Cinematography - Black And White,GG029
The Greatest Show on Earth,1953,Winner,Cinematography - Color,GG030
Fredric March,1952,Winner,Best Performance by an Actor in a Motion Picture - Drama,GG012
Robert Buckner,1952,Winner,Best Screenplay - Motion Picture,GG002
Alain Resnais,1952,Winner,Special Achievement Award,GG018
A Place In The Sun,1952,Winner,Best Motion Picture - Drama,GG010
An American In Paris,1952,Winner,Best Motion Picture - Musical or Comedy,GG006
Pier Angeli,1952,Winner,New Star Of The Year - Actress,GG019
Kevin McCarthy,1952,Winner,New Star Of The Year - Actor,GG020
Victor Young,1952,Winner,Best Original Score - Motion Picture,GG009
Laslo Benedek,1952,Winner,Best Director - Motion Picture,GG003
Esther Williams,1952,Winner,World Film Favorites,GG021
The Day The Earth Stood Still,1952,Winner,Promoting International Understanding,GG027
Kim Hunter,1952,Winner,Best Performance by an Actress in a Supporting Role in any Motion Picture,GG014
Death of a Salesman (1951),1952,Winner,Cinematography - Black And White,GG029
Quo Vadis,1952,Winner,Cinematography - Color,GG030
June Allyson,1952,Winner,Actress In A Leading Role - Musical Or Comedy,GG025
Peter Ustinov,1952,Winner,Best Performance by an Actor in a Supporting Role in any Motion Picture,GG015
Jane Wyman,1952,Winner,Best Performance by an Actress in a Motion Picture - Drama,GG011
José Ferrer,1951,Winner,Best Performance by an Actor in a Motion Picture - Drama,GG012
Joseph L. Mankiewicz,1951,Winner,Best Screenplay - Motion Picture,GG002
Franz Waxman,1951,Winner,Best Original Score - Motion Picture,GG009
Billy Wilder,1951,Winner,Best Director - Motion Picture,GG003
Jane Wyman,1951,Winner,World Film Favorites,GG021
Broken Arrow,1951,Winner,Promoting International Understanding,GG027
Gene Nelson,1951,Winner,New Star Of The Year,GG038
Josephine Hull,1951,Winner,Best Performance by an Actress in a Supporting Role in any Motion Picture,GG014
Cyrano de Bergerac (1950),1951,Winner,Cinematography - Black And White,GG029
King Solomon's Mines,1951,Winner,Cinematography - Color,GG030
Judy Holliday,1951,Winner,Actress In A Leading Role - Musical Or Comedy,GG025
Fred Astaire,1951,Winner,Best Performance by an Actor in a Motion Picture - Musical or Comedy,GG016
Edmund Gwenn,1951,Winner,Best Performance by an Actor in a Supporting Role in any Motion Picture,GG015
Gloria Swanson,1951,Winner,Best Performance by an Actress in a Motion Picture - Drama,GG011
Sunset Boulevard,1951,Winner,Picture,GG039
Broderick Crawford,1950,Winner,Actor In A Leading Role,GG040
Robert Pirosh,1950,Winner,Best Screenplay - Motion Picture,GG002
All The King's Men,1950,Winner,Picture,GG039
Mercedes McCambridge,1950,Winner,New Star Of The Year - Actress,GG019
Richard Todd,1950,Winner,New Star Of The Year - Actor,GG020
Champion,1950,Winner,Cinematography,GG041
James Whitmore,1950,Winner,Best Performance by an Actor in a Supporting Role in any Motion Picture,GG015
Olivia de Havilland,1950,Winner,Actress In A Leading Role,GG042
The Adventures of Ichabod and Mr. Toad,1950,Winner,Outstanding Use Of Color,GG043
Laurence Olivier,1949,Winner,Actor In A Leading Role,GG040
Richard Schweizer,1949,Winner,Best Screenplay - Motion Picture,GG002
Johnny Belinda,1949,Winner,Picture,GG039
"Treasure of the Sierra Madre, The",1949,Winner,Picture,GG039
Brian Easdale,1949,Winner,Best Original Score - Motion Picture,GG009
Ivan Jandl,1949,Winner,Juvenile Performance,GG033
The Search,1949,Winner,Promoting International Understanding,GG027
Ellen Corby,1949,Winner,Best Performance by an Actress in a Supporting Role in any Motion Picture,GG014
The Pearl,1949,Winner,Cinematography,GG041
Walter Huston,1949,Winner,Best Performance by an Actor in a Supporting Role in any Motion Picture,GG015
Jane Wyman,1949,Winner,Actress In A Leading Role,GG042
Hamlet (1948),1949,Winner,Foreign Film - English Language,GG023
Ronald Colman,1948,Winner,Actor In A Leading Role,GG040
George Seaton,1948,Winner,Best Screenplay - Motion Picture,GG002
Walt Disney,1948,Winner,Special Achievement Award,GG018
Lois Maxwell,1948,Winner,New Star Of The Year - Actress,GG019
Richard Widmark,1948,Winner,New Star Of The Year - Actor,GG020
Max Steiner,1948,Winner,Best Original Score - Motion Picture,GG009
Dean Stockwell,1948,Winner,Juvenile Performance,GG033
Celeste Holm,1948,Winner,Best Performance by an Actress in a Supporting Role in any Motion Picture,GG014
Black Narcissus,1948,Winner,Cinematography,GG041
Rosalind Russell,1948,Winner,Actress In A Leading Role,GG042
Gentleman's Agreement,1948,Winner,Picture,GG039
Gregory Peck,1947,Winner,Actor In A Leading Role,GG040
Harold Russell,1947,Winner,Special Achievement Award,GG018
The Best Years of Our Lives,1947,Winner,Picture,GG039
Frank Capra,1947,Winner,Best Director - Motion Picture,GG003
The Last Chance,1947,Winner,Promoting International Understanding,GG027
Anne Baxter,1947,Winner,Best Performance by an Actress in a Supporting Role in any Motion Picture,GG014
Clifton Webb,1947,Winner,Best Performance by an Actor in a Supporting Role in any Motion Picture,GG015
Ray Milland,1946,Winner,Actor In A Leading Role,GG040
The Lost Weekend,1946,Winner,Picture,GG039
J. Carroll Naish,1946,Winner,Best Performance by an Actor in a Supporting Role in any Motion Picture,GG015
Ingrid Bergman,1946,Winner,Actress In A Leading Role,GG042
The House I Live In,1946,Winner,Promoting International Understanding,GG027
